sample-id,absolute-filepath,direction
R10101,/mnt/c/Users/gengd/Desktop/20240520RawData/R10101_R1.fq.gz,forward
R10101,/mnt/c/Users/gengd/Desktop/20240520RawData/R10101_R2.fq.gz,reverse
R10102,/mnt/c/Users/gengd/Desktop/20240520RawData/R10102_R1.fq.gz,forward
R10102,/mnt/c/Users/gengd/Desktop/20240520RawData/R10102_R2.fq.gz,reverse
R10103,/mnt/c/Users/gengd/Desktop/20240520RawData/R10103_R1.fq.gz,forward
R10103,/mnt/c/Users/gengd/Desktop/20240520RawData/R10103_R2.fq.gz,reverse
R10104,/mnt/c/Users/gengd/Desktop/20240520RawData/R10104_R1.fq.gz,forward
R10104,/mnt/c/Users/gengd/Desktop/20240520RawData/R10104_R2.fq.gz,reverse
R10105,/mnt/c/Users/gengd/Desktop/20240520RawData/R10105_R1.fq.gz,forward
R10105,/mnt/c/Users/gengd/Desktop/20240520RawData/R10105_R2.fq.gz,reverse
R10106,/mnt/c/Users/gengd/Desktop/20240520RawData/R10106_R1.fq.gz,forward
R10106,/mnt/c/Users/gengd/Desktop/20240520RawData/R10106_R2.fq.gz,reverse
R10107,/mnt/c/Users/gengd/Desktop/20240520RawData/R10107_R1.fq.gz,forward
R10107,/mnt/c/Users/gengd/Desktop/20240520RawData/R10107_R2.fq.gz,reverse
R10108,/mnt/c/Users/gengd/Desktop/20240520RawData/R10108_R1.fq.gz,forward
R10108,/mnt/c/Users/gengd/Desktop/20240520RawData/R10108_R2.fq.gz,reverse
R10109,/mnt/c/Users/gengd/Desktop/20240520RawData/R10109_R1.fq.gz,forward
R10109,/mnt/c/Users/gengd/Desktop/20240520RawData/R10109_R2.fq.gz,reverse
R10110,/mnt/c/Users/gengd/Desktop/20240520RawData/R10110_R1.fq.gz,forward
R10110,/mnt/c/Users/gengd/Desktop/20240520RawData/R10110_R2.fq.gz,reverse
R10111,/mnt/c/Users/gengd/Desktop/20240520RawData/R10111_R1.fq.gz,forward
R10111,/mnt/c/Users/gengd/Desktop/20240520RawData/R10111_R2.fq.gz,reverse
R10112,/mnt/c/Users/gengd/Desktop/20240520RawData/R10112_R1.fq.gz,forward
R10112,/mnt/c/Users/gengd/Desktop/20240520RawData/R10112_R2.fq.gz,reverse
R10113,/mnt/c/Users/gengd/Desktop/20240520RawData/R10113_R1.fq.gz,forward
R10113,/mnt/c/Users/gengd/Desktop/20240520RawData/R10113_R2.fq.gz,reverse
R10114,/mnt/c/Users/gengd/Desktop/20240520RawData/R10114_R1.fq.gz,forward
R10114,/mnt/c/Users/gengd/Desktop/20240520RawData/R10114_R2.fq.gz,reverse
R10115,/mnt/c/Users/gengd/Desktop/20240520RawData/R10115_R1.fq.gz,forward
R10115,/mnt/c/Users/gengd/Desktop/20240520RawData/R10115_R2.fq.gz,reverse
R10116,/mnt/c/Users/gengd/Desktop/20240520RawData/R10116_R1.fq.gz,forward
R10116,/mnt/c/Users/gengd/Desktop/20240520RawData/R10116_R2.fq.gz,reverse
R10117,/mnt/c/Users/gengd/Desktop/20240520RawData/R10117_R1.fq.gz,forward
R10117,/mnt/c/Users/gengd/Desktop/20240520RawData/R10117_R2.fq.gz,reverse
R10118,/mnt/c/Users/gengd/Desktop/20240520RawData/R10118_R1.fq.gz,forward
R10118,/mnt/c/Users/gengd/Desktop/20240520RawData/R10118_R2.fq.gz,reverse
R10119,/mnt/c/Users/gengd/Desktop/20240520RawData/R10119_R1.fq.gz,forward
R10119,/mnt/c/Users/gengd/Desktop/20240520RawData/R10119_R2.fq.gz,reverse
R10120,/mnt/c/Users/gengd/Desktop/20240520RawData/R10120_R1.fq.gz,forward
R10120,/mnt/c/Users/gengd/Desktop/20240520RawData/R10120_R2.fq.gz,reverse
R10121,/mnt/c/Users/gengd/Desktop/20240520RawData/R10121_R1.fq.gz,forward
R10121,/mnt/c/Users/gengd/Desktop/20240520RawData/R10121_R2.fq.gz,reverse
R10122,/mnt/c/Users/gengd/Desktop/20240520RawData/R10122_R1.fq.gz,forward
R10122,/mnt/c/Users/gengd/Desktop/20240520RawData/R10122_R2.fq.gz,reverse
R10123,/mnt/c/Users/gengd/Desktop/20240520RawData/R10123_R1.fq.gz,forward
R10123,/mnt/c/Users/gengd/Desktop/20240520RawData/R10123_R2.fq.gz,reverse
R10124,/mnt/c/Users/gengd/Desktop/20240520RawData/R10124_R1.fq.gz,forward
R10124,/mnt/c/Users/gengd/Desktop/20240520RawData/R10124_R2.fq.gz,reverse
R10125,/mnt/c/Users/gengd/Desktop/20240520RawData/R10125_R1.fq.gz,forward
R10125,/mnt/c/Users/gengd/Desktop/20240520RawData/R10125_R2.fq.gz,reverse
R10126,/mnt/c/Users/gengd/Desktop/20240520RawData/R10126_R1.fq.gz,forward
R10126,/mnt/c/Users/gengd/Desktop/20240520RawData/R10126_R2.fq.gz,reverse
R10127,/mnt/c/Users/gengd/Desktop/20240520RawData/R10127_R1.fq.gz,forward
R10127,/mnt/c/Users/gengd/Desktop/20240520RawData/R10127_R2.fq.gz,reverse
R10201,/mnt/c/Users/gengd/Desktop/20240520RawData/R10201_R1.fq.gz,forward
R10201,/mnt/c/Users/gengd/Desktop/20240520RawData/R10201_R2.fq.gz,reverse
R10202,/mnt/c/Users/gengd/Desktop/20240520RawData/R10202_R1.fq.gz,forward
R10202,/mnt/c/Users/gengd/Desktop/20240520RawData/R10202_R2.fq.gz,reverse
R10203,/mnt/c/Users/gengd/Desktop/20240520RawData/R10203_R1.fq.gz,forward
R10203,/mnt/c/Users/gengd/Desktop/20240520RawData/R10203_R2.fq.gz,reverse
R10204,/mnt/c/Users/gengd/Desktop/20240520RawData/R10204_R1.fq.gz,forward
R10204,/mnt/c/Users/gengd/Desktop/20240520RawData/R10204_R2.fq.gz,reverse
R10205,/mnt/c/Users/gengd/Desktop/20240520RawData/R10205_R1.fq.gz,forward
R10205,/mnt/c/Users/gengd/Desktop/20240520RawData/R10205_R2.fq.gz,reverse
R10206,/mnt/c/Users/gengd/Desktop/20240520RawData/R10206_R1.fq.gz,forward
R10206,/mnt/c/Users/gengd/Desktop/20240520RawData/R10206_R2.fq.gz,reverse
R10207,/mnt/c/Users/gengd/Desktop/20240520RawData/R10207_R1.fq.gz,forward
R10207,/mnt/c/Users/gengd/Desktop/20240520RawData/R10207_R2.fq.gz,reverse
R10208,/mnt/c/Users/gengd/Desktop/20240520RawData/R10208_R1.fq.gz,forward
R10208,/mnt/c/Users/gengd/Desktop/20240520RawData/R10208_R2.fq.gz,reverse
R10209,/mnt/c/Users/gengd/Desktop/20240520RawData/R10209_R1.fq.gz,forward
R10209,/mnt/c/Users/gengd/Desktop/20240520RawData/R10209_R2.fq.gz,reverse
R10210,/mnt/c/Users/gengd/Desktop/20240520RawData/R10210_R1.fq.gz,forward
R10210,/mnt/c/Users/gengd/Desktop/20240520RawData/R10210_R2.fq.gz,reverse
R10211,/mnt/c/Users/gengd/Desktop/20240520RawData/R10211_R1.fq.gz,forward
R10211,/mnt/c/Users/gengd/Desktop/20240520RawData/R10211_R2.fq.gz,reverse
R10212,/mnt/c/Users/gengd/Desktop/20240520RawData/R10212_R1.fq.gz,forward
R10212,/mnt/c/Users/gengd/Desktop/20240520RawData/R10212_R2.fq.gz,reverse
R10213,/mnt/c/Users/gengd/Desktop/20240520RawData/R10213_R1.fq.gz,forward
R10213,/mnt/c/Users/gengd/Desktop/20240520RawData/R10213_R2.fq.gz,reverse
R10214,/mnt/c/Users/gengd/Desktop/20240520RawData/R10214_R1.fq.gz,forward
R10214,/mnt/c/Users/gengd/Desktop/20240520RawData/R10214_R2.fq.gz,reverse
R10215,/mnt/c/Users/gengd/Desktop/20240520RawData/R10215_R1.fq.gz,forward
R10215,/mnt/c/Users/gengd/Desktop/20240520RawData/R10215_R2.fq.gz,reverse
R10216,/mnt/c/Users/gengd/Desktop/20240520RawData/R10216_R1.fq.gz,forward
R10216,/mnt/c/Users/gengd/Desktop/20240520RawData/R10216_R2.fq.gz,reverse
R10217,/mnt/c/Users/gengd/Desktop/20240520RawData/R10217_R1.fq.gz,forward
R10217,/mnt/c/Users/gengd/Desktop/20240520RawData/R10217_R2.fq.gz,reverse
R10218,/mnt/c/Users/gengd/Desktop/20240520RawData/R10218_R1.fq.gz,forward
R10218,/mnt/c/Users/gengd/Desktop/20240520RawData/R10218_R2.fq.gz,reverse
R10219,/mnt/c/Users/gengd/Desktop/20240520RawData/R10219_R1.fq.gz,forward
R10219,/mnt/c/Users/gengd/Desktop/20240520RawData/R10219_R2.fq.gz,reverse
R10220,/mnt/c/Users/gengd/Desktop/20240520RawData/R10220_R1.fq.gz,forward
R10220,/mnt/c/Users/gengd/Desktop/20240520RawData/R10220_R2.fq.gz,reverse
R10221,/mnt/c/Users/gengd/Desktop/20240520RawData/R10221_R1.fq.gz,forward
R10221,/mnt/c/Users/gengd/Desktop/20240520RawData/R10221_R2.fq.gz,reverse
R10222,/mnt/c/Users/gengd/Desktop/20240520RawData/R10222_R1.fq.gz,forward
R10222,/mnt/c/Users/gengd/Desktop/20240520RawData/R10222_R2.fq.gz,reverse
R10223,/mnt/c/Users/gengd/Desktop/20240520RawData/R10223_R1.fq.gz,forward
R10223,/mnt/c/Users/gengd/Desktop/20240520RawData/R10223_R2.fq.gz,reverse
R10224,/mnt/c/Users/gengd/Desktop/20240520RawData/R10224_R1.fq.gz,forward
R10224,/mnt/c/Users/gengd/Desktop/20240520RawData/R10224_R2.fq.gz,reverse
R10225,/mnt/c/Users/gengd/Desktop/20240520RawData/R10225_R1.fq.gz,forward
R10225,/mnt/c/Users/gengd/Desktop/20240520RawData/R10225_R2.fq.gz,reverse
R10226,/mnt/c/Users/gengd/Desktop/20240520RawData/R10226_R1.fq.gz,forward
R10226,/mnt/c/Users/gengd/Desktop/20240520RawData/R10226_R2.fq.gz,reverse
R10227,/mnt/c/Users/gengd/Desktop/20240520RawData/R10227_R1.fq.gz,forward
R10227,/mnt/c/Users/gengd/Desktop/20240520RawData/R10227_R2.fq.gz,reverse
R10301,/mnt/c/Users/gengd/Desktop/20240520RawData/R10301_R1.fq.gz,forward
R10301,/mnt/c/Users/gengd/Desktop/20240520RawData/R10301_R2.fq.gz,reverse
R10302,/mnt/c/Users/gengd/Desktop/20240520RawData/R10302_R1.fq.gz,forward
R10302,/mnt/c/Users/gengd/Desktop/20240520RawData/R10302_R2.fq.gz,reverse
R10303,/mnt/c/Users/gengd/Desktop/20240520RawData/R10303_R1.fq.gz,forward
R10303,/mnt/c/Users/gengd/Desktop/20240520RawData/R10303_R2.fq.gz,reverse
R10304,/mnt/c/Users/gengd/Desktop/20240520RawData/R10304_R1.fq.gz,forward
R10304,/mnt/c/Users/gengd/Desktop/20240520RawData/R10304_R2.fq.gz,reverse
R10305,/mnt/c/Users/gengd/Desktop/20240520RawData/R10305_R1.fq.gz,forward
R10305,/mnt/c/Users/gengd/Desktop/20240520RawData/R10305_R2.fq.gz,reverse
R10306,/mnt/c/Users/gengd/Desktop/20240520RawData/R10306_R1.fq.gz,forward
R10306,/mnt/c/Users/gengd/Desktop/20240520RawData/R10306_R2.fq.gz,reverse
R10307,/mnt/c/Users/gengd/Desktop/20240520RawData/R10307_R1.fq.gz,forward
R10307,/mnt/c/Users/gengd/Desktop/20240520RawData/R10307_R2.fq.gz,reverse
R10308,/mnt/c/Users/gengd/Desktop/20240520RawData/R10308_R1.fq.gz,forward
R10308,/mnt/c/Users/gengd/Desktop/20240520RawData/R10308_R2.fq.gz,reverse
R10309,/mnt/c/Users/gengd/Desktop/20240520RawData/R10309_R1.fq.gz,forward
R10309,/mnt/c/Users/gengd/Desktop/20240520RawData/R10309_R2.fq.gz,reverse
R10310,/mnt/c/Users/gengd/Desktop/20240520RawData/R10310_R1.fq.gz,forward
R10310,/mnt/c/Users/gengd/Desktop/20240520RawData/R10310_R2.fq.gz,reverse
R10311,/mnt/c/Users/gengd/Desktop/20240520RawData/R10311_R1.fq.gz,forward
R10311,/mnt/c/Users/gengd/Desktop/20240520RawData/R10311_R2.fq.gz,reverse
R10312,/mnt/c/Users/gengd/Desktop/20240520RawData/R10312_R1.fq.gz,forward
R10312,/mnt/c/Users/gengd/Desktop/20240520RawData/R10312_R2.fq.gz,reverse
R10313,/mnt/c/Users/gengd/Desktop/20240520RawData/R10313_R1.fq.gz,forward
R10313,/mnt/c/Users/gengd/Desktop/20240520RawData/R10313_R2.fq.gz,reverse
R10314,/mnt/c/Users/gengd/Desktop/20240520RawData/R10314_R1.fq.gz,forward
R10314,/mnt/c/Users/gengd/Desktop/20240520RawData/R10314_R2.fq.gz,reverse
R10315,/mnt/c/Users/gengd/Desktop/20240520RawData/R10315_R1.fq.gz,forward
R10315,/mnt/c/Users/gengd/Desktop/20240520RawData/R10315_R2.fq.gz,reverse
R10316,/mnt/c/Users/gengd/Desktop/20240520RawData/R10316_R1.fq.gz,forward
R10316,/mnt/c/Users/gengd/Desktop/20240520RawData/R10316_R2.fq.gz,reverse
R10317,/mnt/c/Users/gengd/Desktop/20240520RawData/R10317_R1.fq.gz,forward
R10317,/mnt/c/Users/gengd/Desktop/20240520RawData/R10317_R2.fq.gz,reverse
R10318,/mnt/c/Users/gengd/Desktop/20240520RawData/R10318_R1.fq.gz,forward
R10318,/mnt/c/Users/gengd/Desktop/20240520RawData/R10318_R2.fq.gz,reverse
R10319,/mnt/c/Users/gengd/Desktop/20240520RawData/R10319_R1.fq.gz,forward
R10319,/mnt/c/Users/gengd/Desktop/20240520RawData/R10319_R2.fq.gz,reverse
R10320,/mnt/c/Users/gengd/Desktop/20240520RawData/R10320_R1.fq.gz,forward
R10320,/mnt/c/Users/gengd/Desktop/20240520RawData/R10320_R2.fq.gz,reverse
R10321,/mnt/c/Users/gengd/Desktop/20240520RawData/R10321_R1.fq.gz,forward
R10321,/mnt/c/Users/gengd/Desktop/20240520RawData/R10321_R2.fq.gz,reverse
R10322,/mnt/c/Users/gengd/Desktop/20240520RawData/R10322_R1.fq.gz,forward
R10322,/mnt/c/Users/gengd/Desktop/20240520RawData/R10322_R2.fq.gz,reverse
R10323,/mnt/c/Users/gengd/Desktop/20240520RawData/R10323_R1.fq.gz,forward
R10323,/mnt/c/Users/gengd/Desktop/20240520RawData/R10323_R2.fq.gz,reverse
R10324,/mnt/c/Users/gengd/Desktop/20240520RawData/R10324_R1.fq.gz,forward
R10324,/mnt/c/Users/gengd/Desktop/20240520RawData/R10324_R2.fq.gz,reverse
R10325,/mnt/c/Users/gengd/Desktop/20240520RawData/R10325_R1.fq.gz,forward
R10325,/mnt/c/Users/gengd/Desktop/20240520RawData/R10325_R2.fq.gz,reverse
R10326,/mnt/c/Users/gengd/Desktop/20240520RawData/R10326_R1.fq.gz,forward
R10326,/mnt/c/Users/gengd/Desktop/20240520RawData/R10326_R2.fq.gz,reverse
R10327,/mnt/c/Users/gengd/Desktop/20240520RawData/R10327_R1.fq.gz,forward
R10327,/mnt/c/Users/gengd/Desktop/20240520RawData/R10327_R2.fq.gz,reverse
R10401,/mnt/c/Users/gengd/Desktop/20240520RawData/R10401_R1.fq.gz,forward
R10401,/mnt/c/Users/gengd/Desktop/20240520RawData/R10401_R2.fq.gz,reverse
R10402,/mnt/c/Users/gengd/Desktop/20240520RawData/R10402_R1.fq.gz,forward
R10402,/mnt/c/Users/gengd/Desktop/20240520RawData/R10402_R2.fq.gz,reverse
R10403,/mnt/c/Users/gengd/Desktop/20240520RawData/R10403_R1.fq.gz,forward
R10403,/mnt/c/Users/gengd/Desktop/20240520RawData/R10403_R2.fq.gz,reverse
R10404,/mnt/c/Users/gengd/Desktop/20240520RawData/R10404_R1.fq.gz,forward
R10404,/mnt/c/Users/gengd/Desktop/20240520RawData/R10404_R2.fq.gz,reverse
R10405,/mnt/c/Users/gengd/Desktop/20240520RawData/R10405_R1.fq.gz,forward
R10405,/mnt/c/Users/gengd/Desktop/20240520RawData/R10405_R2.fq.gz,reverse
R10406,/mnt/c/Users/gengd/Desktop/20240520RawData/R10406_R1.fq.gz,forward
R10406,/mnt/c/Users/gengd/Desktop/20240520RawData/R10406_R2.fq.gz,reverse
R10407,/mnt/c/Users/gengd/Desktop/20240520RawData/R10407_R1.fq.gz,forward
R10407,/mnt/c/Users/gengd/Desktop/20240520RawData/R10407_R2.fq.gz,reverse
R10408,/mnt/c/Users/gengd/Desktop/20240520RawData/R10408_R1.fq.gz,forward
R10408,/mnt/c/Users/gengd/Desktop/20240520RawData/R10408_R2.fq.gz,reverse
R10409,/mnt/c/Users/gengd/Desktop/20240520RawData/R10409_R1.fq.gz,forward
R10409,/mnt/c/Users/gengd/Desktop/20240520RawData/R10409_R2.fq.gz,reverse
R10410,/mnt/c/Users/gengd/Desktop/20240520RawData/R10410_R1.fq.gz,forward
R10410,/mnt/c/Users/gengd/Desktop/20240520RawData/R10410_R2.fq.gz,reverse
R10411,/mnt/c/Users/gengd/Desktop/20240520RawData/R10411_R1.fq.gz,forward
R10411,/mnt/c/Users/gengd/Desktop/20240520RawData/R10411_R2.fq.gz,reverse
R10412,/mnt/c/Users/gengd/Desktop/20240520RawData/R10412_R1.fq.gz,forward
R10412,/mnt/c/Users/gengd/Desktop/20240520RawData/R10412_R2.fq.gz,reverse
R10413,/mnt/c/Users/gengd/Desktop/20240520RawData/R10413_R1.fq.gz,forward
R10413,/mnt/c/Users/gengd/Desktop/20240520RawData/R10413_R2.fq.gz,reverse
R10414,/mnt/c/Users/gengd/Desktop/20240520RawData/R10414_R1.fq.gz,forward
R10414,/mnt/c/Users/gengd/Desktop/20240520RawData/R10414_R2.fq.gz,reverse
R10415,/mnt/c/Users/gengd/Desktop/20240520RawData/R10415_R1.fq.gz,forward
R10415,/mnt/c/Users/gengd/Desktop/20240520RawData/R10415_R2.fq.gz,reverse
R10416,/mnt/c/Users/gengd/Desktop/20240520RawData/R10416_R1.fq.gz,forward
R10416,/mnt/c/Users/gengd/Desktop/20240520RawData/R10416_R2.fq.gz,reverse
R10417,/mnt/c/Users/gengd/Desktop/20240520RawData/R10417_R1.fq.gz,forward
R10417,/mnt/c/Users/gengd/Desktop/20240520RawData/R10417_R2.fq.gz,reverse
R10418,/mnt/c/Users/gengd/Desktop/20240520RawData/R10418_R1.fq.gz,forward
R10418,/mnt/c/Users/gengd/Desktop/20240520RawData/R10418_R2.fq.gz,reverse
R10419,/mnt/c/Users/gengd/Desktop/20240520RawData/R10419_R1.fq.gz,forward
R10419,/mnt/c/Users/gengd/Desktop/20240520RawData/R10419_R2.fq.gz,reverse
R10420,/mnt/c/Users/gengd/Desktop/20240520RawData/R10420_R1.fq.gz,forward
R10420,/mnt/c/Users/gengd/Desktop/20240520RawData/R10420_R2.fq.gz,reverse
R10421,/mnt/c/Users/gengd/Desktop/20240520RawData/R10421_R1.fq.gz,forward
R10421,/mnt/c/Users/gengd/Desktop/20240520RawData/R10421_R2.fq.gz,reverse
R10422,/mnt/c/Users/gengd/Desktop/20240520RawData/R10422_R1.fq.gz,forward
R10422,/mnt/c/Users/gengd/Desktop/20240520RawData/R10422_R2.fq.gz,reverse
R10423,/mnt/c/Users/gengd/Desktop/20240520RawData/R10423_R1.fq.gz,forward
R10423,/mnt/c/Users/gengd/Desktop/20240520RawData/R10423_R2.fq.gz,reverse
R10424,/mnt/c/Users/gengd/Desktop/20240520RawData/R10424_R1.fq.gz,forward
R10424,/mnt/c/Users/gengd/Desktop/20240520RawData/R10424_R2.fq.gz,reverse
R10425,/mnt/c/Users/gengd/Desktop/20240520RawData/R10425_R1.fq.gz,forward
R10425,/mnt/c/Users/gengd/Desktop/20240520RawData/R10425_R2.fq.gz,reverse
R10426,/mnt/c/Users/gengd/Desktop/20240520RawData/R10426_R1.fq.gz,forward
R10426,/mnt/c/Users/gengd/Desktop/20240520RawData/R10426_R2.fq.gz,reverse
R10427,/mnt/c/Users/gengd/Desktop/20240520RawData/R10427_R1.fq.gz,forward
R10427,/mnt/c/Users/gengd/Desktop/20240520RawData/R10427_R2.fq.gz,reverse
R10428,/mnt/c/Users/gengd/Desktop/20240520RawData/R10428_R1.fq.gz,forward
R10428,/mnt/c/Users/gengd/Desktop/20240520RawData/R10428_R2.fq.gz,reverse
R10429,/mnt/c/Users/gengd/Desktop/20240520RawData/R10429_R1.fq.gz,forward
R10429,/mnt/c/Users/gengd/Desktop/20240520RawData/R10429_R2.fq.gz,reverse
R10430,/mnt/c/Users/gengd/Desktop/20240520RawData/R10430_R1.fq.gz,forward
R10430,/mnt/c/Users/gengd/Desktop/20240520RawData/R10430_R2.fq.gz,reverse
R10431,/mnt/c/Users/gengd/Desktop/20240520RawData/R10431_R1.fq.gz,forward
R10431,/mnt/c/Users/gengd/Desktop/20240520RawData/R10431_R2.fq.gz,reverse
R10501,/mnt/c/Users/gengd/Desktop/20240520RawData/R10501_R1.fq.gz,forward
R10501,/mnt/c/Users/gengd/Desktop/20240520RawData/R10501_R2.fq.gz,reverse
R10502,/mnt/c/Users/gengd/Desktop/20240520RawData/R10502_R1.fq.gz,forward
R10502,/mnt/c/Users/gengd/Desktop/20240520RawData/R10502_R2.fq.gz,reverse
R10503,/mnt/c/Users/gengd/Desktop/20240520RawData/R10503_R1.fq.gz,forward
R10503,/mnt/c/Users/gengd/Desktop/20240520RawData/R10503_R2.fq.gz,reverse
R10504,/mnt/c/Users/gengd/Desktop/20240520RawData/R10504_R1.fq.gz,forward
R10504,/mnt/c/Users/gengd/Desktop/20240520RawData/R10504_R2.fq.gz,reverse
R10505,/mnt/c/Users/gengd/Desktop/20240520RawData/R10505_R1.fq.gz,forward
R10505,/mnt/c/Users/gengd/Desktop/20240520RawData/R10505_R2.fq.gz,reverse
R10506,/mnt/c/Users/gengd/Desktop/20240520RawData/R10506_R1.fq.gz,forward
R10506,/mnt/c/Users/gengd/Desktop/20240520RawData/R10506_R2.fq.gz,reverse
R10507,/mnt/c/Users/gengd/Desktop/20240520RawData/R10507_R1.fq.gz,forward
R10507,/mnt/c/Users/gengd/Desktop/20240520RawData/R10507_R2.fq.gz,reverse
R10508,/mnt/c/Users/gengd/Desktop/20240520RawData/R10508_R1.fq.gz,forward
R10508,/mnt/c/Users/gengd/Desktop/20240520RawData/R10508_R2.fq.gz,reverse
R10509,/mnt/c/Users/gengd/Desktop/20240520RawData/R10509_R1.fq.gz,forward
R10509,/mnt/c/Users/gengd/Desktop/20240520RawData/R10509_R2.fq.gz,reverse
R10510,/mnt/c/Users/gengd/Desktop/20240520RawData/R10510_R1.fq.gz,forward
R10510,/mnt/c/Users/gengd/Desktop/20240520RawData/R10510_R2.fq.gz,reverse
R10511,/mnt/c/Users/gengd/Desktop/20240520RawData/R10511_R1.fq.gz,forward
R10511,/mnt/c/Users/gengd/Desktop/20240520RawData/R10511_R2.fq.gz,reverse
R10512,/mnt/c/Users/gengd/Desktop/20240520RawData/R10512_R1.fq.gz,forward
R10512,/mnt/c/Users/gengd/Desktop/20240520RawData/R10512_R2.fq.gz,reverse
R10513,/mnt/c/Users/gengd/Desktop/20240520RawData/R10513_R1.fq.gz,forward
R10513,/mnt/c/Users/gengd/Desktop/20240520RawData/R10513_R2.fq.gz,reverse
R10514,/mnt/c/Users/gengd/Desktop/20240520RawData/R10514_R1.fq.gz,forward
R10514,/mnt/c/Users/gengd/Desktop/20240520RawData/R10514_R2.fq.gz,reverse
R10515,/mnt/c/Users/gengd/Desktop/20240520RawData/R10515_R1.fq.gz,forward
R10515,/mnt/c/Users/gengd/Desktop/20240520RawData/R10515_R2.fq.gz,reverse
R10516,/mnt/c/Users/gengd/Desktop/20240520RawData/R10516_R1.fq.gz,forward
R10516,/mnt/c/Users/gengd/Desktop/20240520RawData/R10516_R2.fq.gz,reverse
R10517,/mnt/c/Users/gengd/Desktop/20240520RawData/R10517_R1.fq.gz,forward
R10517,/mnt/c/Users/gengd/Desktop/20240520RawData/R10517_R2.fq.gz,reverse
R10518,/mnt/c/Users/gengd/Desktop/20240520RawData/R10518_R1.fq.gz,forward
R10518,/mnt/c/Users/gengd/Desktop/20240520RawData/R10518_R2.fq.gz,reverse
R10519,/mnt/c/Users/gengd/Desktop/20240520RawData/R10519_R1.fq.gz,forward
R10519,/mnt/c/Users/gengd/Desktop/20240520RawData/R10519_R2.fq.gz,reverse
R10520,/mnt/c/Users/gengd/Desktop/20240520RawData/R10520_R1.fq.gz,forward
R10520,/mnt/c/Users/gengd/Desktop/20240520RawData/R10520_R2.fq.gz,reverse
R10521,/mnt/c/Users/gengd/Desktop/20240520RawData/R10521_R1.fq.gz,forward
R10521,/mnt/c/Users/gengd/Desktop/20240520RawData/R10521_R2.fq.gz,reverse
R10522,/mnt/c/Users/gengd/Desktop/20240520RawData/R10522_R1.fq.gz,forward
R10522,/mnt/c/Users/gengd/Desktop/20240520RawData/R10522_R2.fq.gz,reverse
R10523,/mnt/c/Users/gengd/Desktop/20240520RawData/R10523_R1.fq.gz,forward
R10523,/mnt/c/Users/gengd/Desktop/20240520RawData/R10523_R2.fq.gz,reverse
R10524,/mnt/c/Users/gengd/Desktop/20240520RawData/R10524_R1.fq.gz,forward
R10524,/mnt/c/Users/gengd/Desktop/20240520RawData/R10524_R2.fq.gz,reverse
R10525,/mnt/c/Users/gengd/Desktop/20240520RawData/R10525_R1.fq.gz,forward
R10525,/mnt/c/Users/gengd/Desktop/20240520RawData/R10525_R2.fq.gz,reverse
R10526,/mnt/c/Users/gengd/Desktop/20240520RawData/R10526_R1.fq.gz,forward
R10526,/mnt/c/Users/gengd/Desktop/20240520RawData/R10526_R2.fq.gz,reverse
R10527,/mnt/c/Users/gengd/Desktop/20240520RawData/R10527_R1.fq.gz,forward
R10527,/mnt/c/Users/gengd/Desktop/20240520RawData/R10527_R2.fq.gz,reverse
R10528,/mnt/c/Users/gengd/Desktop/20240520RawData/R10528_R1.fq.gz,forward
R10528,/mnt/c/Users/gengd/Desktop/20240520RawData/R10528_R2.fq.gz,reverse
R10529,/mnt/c/Users/gengd/Desktop/20240520RawData/R10529_R1.fq.gz,forward
R10529,/mnt/c/Users/gengd/Desktop/20240520RawData/R10529_R2.fq.gz,reverse
R10601,/mnt/c/Users/gengd/Desktop/20240520RawData/R10601_R1.fq.gz,forward
R10601,/mnt/c/Users/gengd/Desktop/20240520RawData/R10601_R2.fq.gz,reverse
R10602,/mnt/c/Users/gengd/Desktop/20240520RawData/R10602_R1.fq.gz,forward
R10602,/mnt/c/Users/gengd/Desktop/20240520RawData/R10602_R2.fq.gz,reverse
R10603,/mnt/c/Users/gengd/Desktop/20240520RawData/R10603_R1.fq.gz,forward
R10603,/mnt/c/Users/gengd/Desktop/20240520RawData/R10603_R2.fq.gz,reverse
R10604,/mnt/c/Users/gengd/Desktop/20240520RawData/R10604_R1.fq.gz,forward
R10604,/mnt/c/Users/gengd/Desktop/20240520RawData/R10604_R2.fq.gz,reverse
R10605,/mnt/c/Users/gengd/Desktop/20240520RawData/R10605_R1.fq.gz,forward
R10605,/mnt/c/Users/gengd/Desktop/20240520RawData/R10605_R2.fq.gz,reverse
R10606,/mnt/c/Users/gengd/Desktop/20240520RawData/R10606_R1.fq.gz,forward
R10606,/mnt/c/Users/gengd/Desktop/20240520RawData/R10606_R2.fq.gz,reverse
R10607,/mnt/c/Users/gengd/Desktop/20240520RawData/R10607_R1.fq.gz,forward
R10607,/mnt/c/Users/gengd/Desktop/20240520RawData/R10607_R2.fq.gz,reverse
R10608,/mnt/c/Users/gengd/Desktop/20240520RawData/R10608_R1.fq.gz,forward
R10608,/mnt/c/Users/gengd/Desktop/20240520RawData/R10608_R2.fq.gz,reverse
R10609,/mnt/c/Users/gengd/Desktop/20240520RawData/R10609_R1.fq.gz,forward
R10609,/mnt/c/Users/gengd/Desktop/20240520RawData/R10609_R2.fq.gz,reverse
R10610,/mnt/c/Users/gengd/Desktop/20240520RawData/R10610_R1.fq.gz,forward
R10610,/mnt/c/Users/gengd/Desktop/20240520RawData/R10610_R2.fq.gz,reverse
R10611,/mnt/c/Users/gengd/Desktop/20240520RawData/R10611_R1.fq.gz,forward
R10611,/mnt/c/Users/gengd/Desktop/20240520RawData/R10611_R2.fq.gz,reverse
R10612,/mnt/c/Users/gengd/Desktop/20240520RawData/R10612_R1.fq.gz,forward
R10612,/mnt/c/Users/gengd/Desktop/20240520RawData/R10612_R2.fq.gz,reverse
R10613,/mnt/c/Users/gengd/Desktop/20240520RawData/R10613_R1.fq.gz,forward
R10613,/mnt/c/Users/gengd/Desktop/20240520RawData/R10613_R2.fq.gz,reverse
R10614,/mnt/c/Users/gengd/Desktop/20240520RawData/R10614_R1.fq.gz,forward
R10614,/mnt/c/Users/gengd/Desktop/20240520RawData/R10614_R2.fq.gz,reverse
R10615,/mnt/c/Users/gengd/Desktop/20240520RawData/R10615_R1.fq.gz,forward
R10615,/mnt/c/Users/gengd/Desktop/20240520RawData/R10615_R2.fq.gz,reverse
R10616,/mnt/c/Users/gengd/Desktop/20240520RawData/R10616_R1.fq.gz,forward
R10616,/mnt/c/Users/gengd/Desktop/20240520RawData/R10616_R2.fq.gz,reverse
R10617,/mnt/c/Users/gengd/Desktop/20240520RawData/R10617_R1.fq.gz,forward
R10617,/mnt/c/Users/gengd/Desktop/20240520RawData/R10617_R2.fq.gz,reverse
R10618,/mnt/c/Users/gengd/Desktop/20240520RawData/R10618_R1.fq.gz,forward
R10618,/mnt/c/Users/gengd/Desktop/20240520RawData/R10618_R2.fq.gz,reverse
R10619,/mnt/c/Users/gengd/Desktop/20240520RawData/R10619_R1.fq.gz,forward
R10619,/mnt/c/Users/gengd/Desktop/20240520RawData/R10619_R2.fq.gz,reverse
R10620,/mnt/c/Users/gengd/Desktop/20240520RawData/R10620_R1.fq.gz,forward
R10620,/mnt/c/Users/gengd/Desktop/20240520RawData/R10620_R2.fq.gz,reverse
R10621,/mnt/c/Users/gengd/Desktop/20240520RawData/R10621_R1.fq.gz,forward
R10621,/mnt/c/Users/gengd/Desktop/20240520RawData/R10621_R2.fq.gz,reverse
R10622,/mnt/c/Users/gengd/Desktop/20240520RawData/R10622_R1.fq.gz,forward
R10622,/mnt/c/Users/gengd/Desktop/20240520RawData/R10622_R2.fq.gz,reverse
R10623,/mnt/c/Users/gengd/Desktop/20240520RawData/R10623_R1.fq.gz,forward
R10623,/mnt/c/Users/gengd/Desktop/20240520RawData/R10623_R2.fq.gz,reverse
R10624,/mnt/c/Users/gengd/Desktop/20240520RawData/R10624_R1.fq.gz,forward
R10624,/mnt/c/Users/gengd/Desktop/20240520RawData/R10624_R2.fq.gz,reverse
R10625,/mnt/c/Users/gengd/Desktop/20240520RawData/R10625_R1.fq.gz,forward
R10625,/mnt/c/Users/gengd/Desktop/20240520RawData/R10625_R2.fq.gz,reverse
R10626,/mnt/c/Users/gengd/Desktop/20240520RawData/R10626_R1.fq.gz,forward
R10626,/mnt/c/Users/gengd/Desktop/20240520RawData/R10626_R2.fq.gz,reverse
R10627,/mnt/c/Users/gengd/Desktop/20240520RawData/R10627_R1.fq.gz,forward
R10627,/mnt/c/Users/gengd/Desktop/20240520RawData/R10627_R2.fq.gz,reverse
R10628,/mnt/c/Users/gengd/Desktop/20240520RawData/R10628_R1.fq.gz,forward
R10628,/mnt/c/Users/gengd/Desktop/20240520RawData/R10628_R2.fq.gz,reverse
R10629,/mnt/c/Users/gengd/Desktop/20240520RawData/R10629_R1.fq.gz,forward
R10629,/mnt/c/Users/gengd/Desktop/20240520RawData/R10629_R2.fq.gz,reverse
R10701,/mnt/c/Users/gengd/Desktop/20240520RawData/R10701_R1.fq.gz,forward
R10701,/mnt/c/Users/gengd/Desktop/20240520RawData/R10701_R2.fq.gz,reverse
R10702,/mnt/c/Users/gengd/Desktop/20240520RawData/R10702_R1.fq.gz,forward
R10702,/mnt/c/Users/gengd/Desktop/20240520RawData/R10702_R2.fq.gz,reverse
R10703,/mnt/c/Users/gengd/Desktop/20240520RawData/R10703_R1.fq.gz,forward
R10703,/mnt/c/Users/gengd/Desktop/20240520RawData/R10703_R2.fq.gz,reverse
R10704,/mnt/c/Users/gengd/Desktop/20240520RawData/R10704_R1.fq.gz,forward
R10704,/mnt/c/Users/gengd/Desktop/20240520RawData/R10704_R2.fq.gz,reverse
R10705,/mnt/c/Users/gengd/Desktop/20240520RawData/R10705_R1.fq.gz,forward
R10705,/mnt/c/Users/gengd/Desktop/20240520RawData/R10705_R2.fq.gz,reverse
R10706,/mnt/c/Users/gengd/Desktop/20240520RawData/R10706_R1.fq.gz,forward
R10706,/mnt/c/Users/gengd/Desktop/20240520RawData/R10706_R2.fq.gz,reverse
R10707,/mnt/c/Users/gengd/Desktop/20240520RawData/R10707_R1.fq.gz,forward
R10707,/mnt/c/Users/gengd/Desktop/20240520RawData/R10707_R2.fq.gz,reverse
R10708,/mnt/c/Users/gengd/Desktop/20240520RawData/R10708_R1.fq.gz,forward
R10708,/mnt/c/Users/gengd/Desktop/20240520RawData/R10708_R2.fq.gz,reverse
R10709,/mnt/c/Users/gengd/Desktop/20240520RawData/R10709_R1.fq.gz,forward
R10709,/mnt/c/Users/gengd/Desktop/20240520RawData/R10709_R2.fq.gz,reverse
R10710,/mnt/c/Users/gengd/Desktop/20240520RawData/R10710_R1.fq.gz,forward
R10710,/mnt/c/Users/gengd/Desktop/20240520RawData/R10710_R2.fq.gz,reverse
R10711,/mnt/c/Users/gengd/Desktop/20240520RawData/R10711_R1.fq.gz,forward
R10711,/mnt/c/Users/gengd/Desktop/20240520RawData/R10711_R2.fq.gz,reverse
R10712,/mnt/c/Users/gengd/Desktop/20240520RawData/R10712_R1.fq.gz,forward
R10712,/mnt/c/Users/gengd/Desktop/20240520RawData/R10712_R2.fq.gz,reverse
R10713,/mnt/c/Users/gengd/Desktop/20240520RawData/R10713_R1.fq.gz,forward
R10713,/mnt/c/Users/gengd/Desktop/20240520RawData/R10713_R2.fq.gz,reverse
R10714,/mnt/c/Users/gengd/Desktop/20240520RawData/R10714_R1.fq.gz,forward
R10714,/mnt/c/Users/gengd/Desktop/20240520RawData/R10714_R2.fq.gz,reverse
R10715,/mnt/c/Users/gengd/Desktop/20240520RawData/R10715_R1.fq.gz,forward
R10715,/mnt/c/Users/gengd/Desktop/20240520RawData/R10715_R2.fq.gz,reverse
R10716,/mnt/c/Users/gengd/Desktop/20240520RawData/R10716_R1.fq.gz,forward
R10716,/mnt/c/Users/gengd/Desktop/20240520RawData/R10716_R2.fq.gz,reverse
R10717,/mnt/c/Users/gengd/Desktop/20240520RawData/R10717_R1.fq.gz,forward
R10717,/mnt/c/Users/gengd/Desktop/20240520RawData/R10717_R2.fq.gz,reverse
R10718,/mnt/c/Users/gengd/Desktop/20240520RawData/R10718_R1.fq.gz,forward
R10718,/mnt/c/Users/gengd/Desktop/20240520RawData/R10718_R2.fq.gz,reverse
R10719,/mnt/c/Users/gengd/Desktop/20240520RawData/R10719_R1.fq.gz,forward
R10719,/mnt/c/Users/gengd/Desktop/20240520RawData/R10719_R2.fq.gz,reverse
R10720,/mnt/c/Users/gengd/Desktop/20240520RawData/R10720_R1.fq.gz,forward
R10720,/mnt/c/Users/gengd/Desktop/20240520RawData/R10720_R2.fq.gz,reverse
R10721,/mnt/c/Users/gengd/Desktop/20240520RawData/R10721_R1.fq.gz,forward
R10721,/mnt/c/Users/gengd/Desktop/20240520RawData/R10721_R2.fq.gz,reverse
R10722,/mnt/c/Users/gengd/Desktop/20240520RawData/R10722_R1.fq.gz,forward
R10722,/mnt/c/Users/gengd/Desktop/20240520RawData/R10722_R2.fq.gz,reverse
R10723,/mnt/c/Users/gengd/Desktop/20240520RawData/R10723_R1.fq.gz,forward
R10723,/mnt/c/Users/gengd/Desktop/20240520RawData/R10723_R2.fq.gz,reverse
R10724,/mnt/c/Users/gengd/Desktop/20240520RawData/R10724_R1.fq.gz,forward
R10724,/mnt/c/Users/gengd/Desktop/20240520RawData/R10724_R2.fq.gz,reverse
R10725,/mnt/c/Users/gengd/Desktop/20240520RawData/R10725_R1.fq.gz,forward
R10725,/mnt/c/Users/gengd/Desktop/20240520RawData/R10725_R2.fq.gz,reverse
R10726,/mnt/c/Users/gengd/Desktop/20240520RawData/R10726_R1.fq.gz,forward
R10726,/mnt/c/Users/gengd/Desktop/20240520RawData/R10726_R2.fq.gz,reverse
R10727,/mnt/c/Users/gengd/Desktop/20240520RawData/R10727_R1.fq.gz,forward
R10727,/mnt/c/Users/gengd/Desktop/20240520RawData/R10727_R2.fq.gz,reverse
R10728,/mnt/c/Users/gengd/Desktop/20240520RawData/R10728_R1.fq.gz,forward
R10728,/mnt/c/Users/gengd/Desktop/20240520RawData/R10728_R2.fq.gz,reverse
R10729,/mnt/c/Users/gengd/Desktop/20240520RawData/R10729_R1.fq.gz,forward
R10729,/mnt/c/Users/gengd/Desktop/20240520RawData/R10729_R2.fq.gz,reverse
R10730,/mnt/c/Users/gengd/Desktop/20240520RawData/R10730_R1.fq.gz,forward
R10730,/mnt/c/Users/gengd/Desktop/20240520RawData/R10730_R2.fq.gz,reverse
R10731,/mnt/c/Users/gengd/Desktop/20240520RawData/R10731_R1.fq.gz,forward
R10731,/mnt/c/Users/gengd/Desktop/20240520RawData/R10731_R2.fq.gz,reverse
R10801,/mnt/c/Users/gengd/Desktop/20240520RawData/R10801_R1.fq.gz,forward
R10801,/mnt/c/Users/gengd/Desktop/20240520RawData/R10801_R2.fq.gz,reverse
R10802,/mnt/c/Users/gengd/Desktop/20240520RawData/R10802_R1.fq.gz,forward
R10802,/mnt/c/Users/gengd/Desktop/20240520RawData/R10802_R2.fq.gz,reverse
R10803,/mnt/c/Users/gengd/Desktop/20240520RawData/R10803_R1.fq.gz,forward
R10803,/mnt/c/Users/gengd/Desktop/20240520RawData/R10803_R2.fq.gz,reverse
R10804,/mnt/c/Users/gengd/Desktop/20240520RawData/R10804_R1.fq.gz,forward
R10804,/mnt/c/Users/gengd/Desktop/20240520RawData/R10804_R2.fq.gz,reverse
R10805,/mnt/c/Users/gengd/Desktop/20240520RawData/R10805_R1.fq.gz,forward
R10805,/mnt/c/Users/gengd/Desktop/20240520RawData/R10805_R2.fq.gz,reverse
R10806,/mnt/c/Users/gengd/Desktop/20240520RawData/R10806_R1.fq.gz,forward
R10806,/mnt/c/Users/gengd/Desktop/20240520RawData/R10806_R2.fq.gz,reverse
R10807,/mnt/c/Users/gengd/Desktop/20240520RawData/R10807_R1.fq.gz,forward
R10807,/mnt/c/Users/gengd/Desktop/20240520RawData/R10807_R2.fq.gz,reverse
R10808,/mnt/c/Users/gengd/Desktop/20240520RawData/R10808_R1.fq.gz,forward
R10808,/mnt/c/Users/gengd/Desktop/20240520RawData/R10808_R2.fq.gz,reverse
R10809,/mnt/c/Users/gengd/Desktop/20240520RawData/R10809_R1.fq.gz,forward
R10809,/mnt/c/Users/gengd/Desktop/20240520RawData/R10809_R2.fq.gz,reverse
R10810,/mnt/c/Users/gengd/Desktop/20240520RawData/R10810_R1.fq.gz,forward
R10810,/mnt/c/Users/gengd/Desktop/20240520RawData/R10810_R2.fq.gz,reverse
R10811,/mnt/c/Users/gengd/Desktop/20240520RawData/R10811_R1.fq.gz,forward
R10811,/mnt/c/Users/gengd/Desktop/20240520RawData/R10811_R2.fq.gz,reverse
R10812,/mnt/c/Users/gengd/Desktop/20240520RawData/R10812_R1.fq.gz,forward
R10812,/mnt/c/Users/gengd/Desktop/20240520RawData/R10812_R2.fq.gz,reverse
R10813,/mnt/c/Users/gengd/Desktop/20240520RawData/R10813_R1.fq.gz,forward
R10813,/mnt/c/Users/gengd/Desktop/20240520RawData/R10813_R2.fq.gz,reverse
R10814,/mnt/c/Users/gengd/Desktop/20240520RawData/R10814_R1.fq.gz,forward
R10814,/mnt/c/Users/gengd/Desktop/20240520RawData/R10814_R2.fq.gz,reverse
R10815,/mnt/c/Users/gengd/Desktop/20240520RawData/R10815_R1.fq.gz,forward
R10815,/mnt/c/Users/gengd/Desktop/20240520RawData/R10815_R2.fq.gz,reverse
R10816,/mnt/c/Users/gengd/Desktop/20240520RawData/R10816_R1.fq.gz,forward
R10816,/mnt/c/Users/gengd/Desktop/20240520RawData/R10816_R2.fq.gz,reverse
R10817,/mnt/c/Users/gengd/Desktop/20240520RawData/R10817_R1.fq.gz,forward
R10817,/mnt/c/Users/gengd/Desktop/20240520RawData/R10817_R2.fq.gz,reverse
R10818,/mnt/c/Users/gengd/Desktop/20240520RawData/R10818_R1.fq.gz,forward
R10818,/mnt/c/Users/gengd/Desktop/20240520RawData/R10818_R2.fq.gz,reverse
R10819,/mnt/c/Users/gengd/Desktop/20240520RawData/R10819_R1.fq.gz,forward
R10819,/mnt/c/Users/gengd/Desktop/20240520RawData/R10819_R2.fq.gz,reverse
R10820,/mnt/c/Users/gengd/Desktop/20240520RawData/R10820_R1.fq.gz,forward
R10820,/mnt/c/Users/gengd/Desktop/20240520RawData/R10820_R2.fq.gz,reverse
R10821,/mnt/c/Users/gengd/Desktop/20240520RawData/R10821_R1.fq.gz,forward
R10821,/mnt/c/Users/gengd/Desktop/20240520RawData/R10821_R2.fq.gz,reverse
R10822,/mnt/c/Users/gengd/Desktop/20240520RawData/R10822_R1.fq.gz,forward
R10822,/mnt/c/Users/gengd/Desktop/20240520RawData/R10822_R2.fq.gz,reverse
R10823,/mnt/c/Users/gengd/Desktop/20240520RawData/R10823_R1.fq.gz,forward
R10823,/mnt/c/Users/gengd/Desktop/20240520RawData/R10823_R2.fq.gz,reverse
R10824,/mnt/c/Users/gengd/Desktop/20240520RawData/R10824_R1.fq.gz,forward
R10824,/mnt/c/Users/gengd/Desktop/20240520RawData/R10824_R2.fq.gz,reverse
R10825,/mnt/c/Users/gengd/Desktop/20240520RawData/R10825_R1.fq.gz,forward
R10825,/mnt/c/Users/gengd/Desktop/20240520RawData/R10825_R2.fq.gz,reverse
R10826,/mnt/c/Users/gengd/Desktop/20240520RawData/R10826_R1.fq.gz,forward
R10826,/mnt/c/Users/gengd/Desktop/20240520RawData/R10826_R2.fq.gz,reverse
R10827,/mnt/c/Users/gengd/Desktop/20240520RawData/R10827_R1.fq.gz,forward
R10827,/mnt/c/Users/gengd/Desktop/20240520RawData/R10827_R2.fq.gz,reverse
R10901,/mnt/c/Users/gengd/Desktop/20240520RawData/R10901_R1.fq.gz,forward
R10901,/mnt/c/Users/gengd/Desktop/20240520RawData/R10901_R2.fq.gz,reverse
R10902,/mnt/c/Users/gengd/Desktop/20240520RawData/R10902_R1.fq.gz,forward
R10902,/mnt/c/Users/gengd/Desktop/20240520RawData/R10902_R2.fq.gz,reverse
R10903,/mnt/c/Users/gengd/Desktop/20240520RawData/R10903_R1.fq.gz,forward
R10903,/mnt/c/Users/gengd/Desktop/20240520RawData/R10903_R2.fq.gz,reverse
R10904,/mnt/c/Users/gengd/Desktop/20240520RawData/R10904_R1.fq.gz,forward
R10904,/mnt/c/Users/gengd/Desktop/20240520RawData/R10904_R2.fq.gz,reverse
R10905,/mnt/c/Users/gengd/Desktop/20240520RawData/R10905_R1.fq.gz,forward
R10905,/mnt/c/Users/gengd/Desktop/20240520RawData/R10905_R2.fq.gz,reverse
R10906,/mnt/c/Users/gengd/Desktop/20240520RawData/R10906_R1.fq.gz,forward
R10906,/mnt/c/Users/gengd/Desktop/20240520RawData/R10906_R2.fq.gz,reverse
R10907,/mnt/c/Users/gengd/Desktop/20240520RawData/R10907_R1.fq.gz,forward
R10907,/mnt/c/Users/gengd/Desktop/20240520RawData/R10907_R2.fq.gz,reverse
R10908,/mnt/c/Users/gengd/Desktop/20240520RawData/R10908_R1.fq.gz,forward
R10908,/mnt/c/Users/gengd/Desktop/20240520RawData/R10908_R2.fq.gz,reverse
R10909,/mnt/c/Users/gengd/Desktop/20240520RawData/R10909_R1.fq.gz,forward
R10909,/mnt/c/Users/gengd/Desktop/20240520RawData/R10909_R2.fq.gz,reverse
R10910,/mnt/c/Users/gengd/Desktop/20240520RawData/R10910_R1.fq.gz,forward
R10910,/mnt/c/Users/gengd/Desktop/20240520RawData/R10910_R2.fq.gz,reverse
R10911,/mnt/c/Users/gengd/Desktop/20240520RawData/R10911_R1.fq.gz,forward
R10911,/mnt/c/Users/gengd/Desktop/20240520RawData/R10911_R2.fq.gz,reverse
R10912,/mnt/c/Users/gengd/Desktop/20240520RawData/R10912_R1.fq.gz,forward
R10912,/mnt/c/Users/gengd/Desktop/20240520RawData/R10912_R2.fq.gz,reverse
R10913,/mnt/c/Users/gengd/Desktop/20240520RawData/R10913_R1.fq.gz,forward
R10913,/mnt/c/Users/gengd/Desktop/20240520RawData/R10913_R2.fq.gz,reverse
R10914,/mnt/c/Users/gengd/Desktop/20240520RawData/R10914_R1.fq.gz,forward
R10914,/mnt/c/Users/gengd/Desktop/20240520RawData/R10914_R2.fq.gz,reverse
R10915,/mnt/c/Users/gengd/Desktop/20240520RawData/R10915_R1.fq.gz,forward
R10915,/mnt/c/Users/gengd/Desktop/20240520RawData/R10915_R2.fq.gz,reverse
R10916,/mnt/c/Users/gengd/Desktop/20240520RawData/R10916_R1.fq.gz,forward
R10916,/mnt/c/Users/gengd/Desktop/20240520RawData/R10916_R2.fq.gz,reverse
R10917,/mnt/c/Users/gengd/Desktop/20240520RawData/R10917_R1.fq.gz,forward
R10917,/mnt/c/Users/gengd/Desktop/20240520RawData/R10917_R2.fq.gz,reverse
R10918,/mnt/c/Users/gengd/Desktop/20240520RawData/R10918_R1.fq.gz,forward
R10918,/mnt/c/Users/gengd/Desktop/20240520RawData/R10918_R2.fq.gz,reverse
R10919,/mnt/c/Users/gengd/Desktop/20240520RawData/R10919_R1.fq.gz,forward
R10919,/mnt/c/Users/gengd/Desktop/20240520RawData/R10919_R2.fq.gz,reverse
R10920,/mnt/c/Users/gengd/Desktop/20240520RawData/R10920_R1.fq.gz,forward
R10920,/mnt/c/Users/gengd/Desktop/20240520RawData/R10920_R2.fq.gz,reverse
R10921,/mnt/c/Users/gengd/Desktop/20240520RawData/R10921_R1.fq.gz,forward
R10921,/mnt/c/Users/gengd/Desktop/20240520RawData/R10921_R2.fq.gz,reverse
R10922,/mnt/c/Users/gengd/Desktop/20240520RawData/R10922_R1.fq.gz,forward
R10922,/mnt/c/Users/gengd/Desktop/20240520RawData/R10922_R2.fq.gz,reverse
R10923,/mnt/c/Users/gengd/Desktop/20240520RawData/R10923_R1.fq.gz,forward
R10923,/mnt/c/Users/gengd/Desktop/20240520RawData/R10923_R2.fq.gz,reverse
R10924,/mnt/c/Users/gengd/Desktop/20240520RawData/R10924_R1.fq.gz,forward
R10924,/mnt/c/Users/gengd/Desktop/20240520RawData/R10924_R2.fq.gz,reverse
R10925,/mnt/c/Users/gengd/Desktop/20240520RawData/R10925_R1.fq.gz,forward
R10925,/mnt/c/Users/gengd/Desktop/20240520RawData/R10925_R2.fq.gz,reverse
R10926,/mnt/c/Users/gengd/Desktop/20240520RawData/R10926_R1.fq.gz,forward
R10926,/mnt/c/Users/gengd/Desktop/20240520RawData/R10926_R2.fq.gz,reverse
R20101,/mnt/c/Users/gengd/Desktop/20240520RawData/R20101_R1.fq.gz,forward
R20101,/mnt/c/Users/gengd/Desktop/20240520RawData/R20101_R2.fq.gz,reverse
R20102,/mnt/c/Users/gengd/Desktop/20240520RawData/R20102_R1.fq.gz,forward
R20102,/mnt/c/Users/gengd/Desktop/20240520RawData/R20102_R2.fq.gz,reverse
R20103,/mnt/c/Users/gengd/Desktop/20240520RawData/R20103_R1.fq.gz,forward
R20103,/mnt/c/Users/gengd/Desktop/20240520RawData/R20103_R2.fq.gz,reverse
R20104,/mnt/c/Users/gengd/Desktop/20240520RawData/R20104_R1.fq.gz,forward
R20104,/mnt/c/Users/gengd/Desktop/20240520RawData/R20104_R2.fq.gz,reverse
R20105,/mnt/c/Users/gengd/Desktop/20240520RawData/R20105_R1.fq.gz,forward
R20105,/mnt/c/Users/gengd/Desktop/20240520RawData/R20105_R2.fq.gz,reverse
R20106,/mnt/c/Users/gengd/Desktop/20240520RawData/R20106_R1.fq.gz,forward
R20106,/mnt/c/Users/gengd/Desktop/20240520RawData/R20106_R2.fq.gz,reverse
R20107,/mnt/c/Users/gengd/Desktop/20240520RawData/R20107_R1.fq.gz,forward
R20107,/mnt/c/Users/gengd/Desktop/20240520RawData/R20107_R2.fq.gz,reverse
R20108,/mnt/c/Users/gengd/Desktop/20240520RawData/R20108_R1.fq.gz,forward
R20108,/mnt/c/Users/gengd/Desktop/20240520RawData/R20108_R2.fq.gz,reverse
R20109,/mnt/c/Users/gengd/Desktop/20240520RawData/R20109_R1.fq.gz,forward
R20109,/mnt/c/Users/gengd/Desktop/20240520RawData/R20109_R2.fq.gz,reverse
R20110,/mnt/c/Users/gengd/Desktop/20240520RawData/R20110_R1.fq.gz,forward
R20110,/mnt/c/Users/gengd/Desktop/20240520RawData/R20110_R2.fq.gz,reverse
R20111,/mnt/c/Users/gengd/Desktop/20240520RawData/R20111_R1.fq.gz,forward
R20111,/mnt/c/Users/gengd/Desktop/20240520RawData/R20111_R2.fq.gz,reverse
R20112,/mnt/c/Users/gengd/Desktop/20240520RawData/R20112_R1.fq.gz,forward
R20112,/mnt/c/Users/gengd/Desktop/20240520RawData/R20112_R2.fq.gz,reverse
R20113,/mnt/c/Users/gengd/Desktop/20240520RawData/R20113_R1.fq.gz,forward
R20113,/mnt/c/Users/gengd/Desktop/20240520RawData/R20113_R2.fq.gz,reverse
R20114,/mnt/c/Users/gengd/Desktop/20240520RawData/R20114_R1.fq.gz,forward
R20114,/mnt/c/Users/gengd/Desktop/20240520RawData/R20114_R2.fq.gz,reverse
R20115,/mnt/c/Users/gengd/Desktop/20240520RawData/R20115_R1.fq.gz,forward
R20115,/mnt/c/Users/gengd/Desktop/20240520RawData/R20115_R2.fq.gz,reverse
R20116,/mnt/c/Users/gengd/Desktop/20240520RawData/R20116_R1.fq.gz,forward
R20116,/mnt/c/Users/gengd/Desktop/20240520RawData/R20116_R2.fq.gz,reverse
R20117,/mnt/c/Users/gengd/Desktop/20240520RawData/R20117_R1.fq.gz,forward
R20117,/mnt/c/Users/gengd/Desktop/20240520RawData/R20117_R2.fq.gz,reverse
R20118,/mnt/c/Users/gengd/Desktop/20240520RawData/R20118_R1.fq.gz,forward
R20118,/mnt/c/Users/gengd/Desktop/20240520RawData/R20118_R2.fq.gz,reverse
R20119,/mnt/c/Users/gengd/Desktop/20240520RawData/R20119_R1.fq.gz,forward
R20119,/mnt/c/Users/gengd/Desktop/20240520RawData/R20119_R2.fq.gz,reverse
R20120,/mnt/c/Users/gengd/Desktop/20240520RawData/R20120_R1.fq.gz,forward
R20120,/mnt/c/Users/gengd/Desktop/20240520RawData/R20120_R2.fq.gz,reverse
R20121,/mnt/c/Users/gengd/Desktop/20240520RawData/R20121_R1.fq.gz,forward
R20121,/mnt/c/Users/gengd/Desktop/20240520RawData/R20121_R2.fq.gz,reverse
R20122,/mnt/c/Users/gengd/Desktop/20240520RawData/R20122_R1.fq.gz,forward
R20122,/mnt/c/Users/gengd/Desktop/20240520RawData/R20122_R2.fq.gz,reverse
R20123,/mnt/c/Users/gengd/Desktop/20240520RawData/R20123_R1.fq.gz,forward
R20123,/mnt/c/Users/gengd/Desktop/20240520RawData/R20123_R2.fq.gz,reverse
R20124,/mnt/c/Users/gengd/Desktop/20240520RawData/R20124_R1.fq.gz,forward
R20124,/mnt/c/Users/gengd/Desktop/20240520RawData/R20124_R2.fq.gz,reverse
R20201,/mnt/c/Users/gengd/Desktop/20240520RawData/R20201_R1.fq.gz,forward
R20201,/mnt/c/Users/gengd/Desktop/20240520RawData/R20201_R2.fq.gz,reverse
R20202,/mnt/c/Users/gengd/Desktop/20240520RawData/R20202_R1.fq.gz,forward
R20202,/mnt/c/Users/gengd/Desktop/20240520RawData/R20202_R2.fq.gz,reverse
R20203,/mnt/c/Users/gengd/Desktop/20240520RawData/R20203_R1.fq.gz,forward
R20203,/mnt/c/Users/gengd/Desktop/20240520RawData/R20203_R2.fq.gz,reverse
R20204,/mnt/c/Users/gengd/Desktop/20240520RawData/R20204_R1.fq.gz,forward
R20204,/mnt/c/Users/gengd/Desktop/20240520RawData/R20204_R2.fq.gz,reverse
R20205,/mnt/c/Users/gengd/Desktop/20240520RawData/R20205_R1.fq.gz,forward
R20205,/mnt/c/Users/gengd/Desktop/20240520RawData/R20205_R2.fq.gz,reverse
R20206,/mnt/c/Users/gengd/Desktop/20240520RawData/R20206_R1.fq.gz,forward
R20206,/mnt/c/Users/gengd/Desktop/20240520RawData/R20206_R2.fq.gz,reverse
R20207,/mnt/c/Users/gengd/Desktop/20240520RawData/R20207_R1.fq.gz,forward
R20207,/mnt/c/Users/gengd/Desktop/20240520RawData/R20207_R2.fq.gz,reverse
R20208,/mnt/c/Users/gengd/Desktop/20240520RawData/R20208_R1.fq.gz,forward
R20208,/mnt/c/Users/gengd/Desktop/20240520RawData/R20208_R2.fq.gz,reverse
R20209,/mnt/c/Users/gengd/Desktop/20240520RawData/R20209_R1.fq.gz,forward
R20209,/mnt/c/Users/gengd/Desktop/20240520RawData/R20209_R2.fq.gz,reverse
R20210,/mnt/c/Users/gengd/Desktop/20240520RawData/R20210_R1.fq.gz,forward
R20210,/mnt/c/Users/gengd/Desktop/20240520RawData/R20210_R2.fq.gz,reverse
R20211,/mnt/c/Users/gengd/Desktop/20240520RawData/R20211_R1.fq.gz,forward
R20211,/mnt/c/Users/gengd/Desktop/20240520RawData/R20211_R2.fq.gz,reverse
R20212,/mnt/c/Users/gengd/Desktop/20240520RawData/R20212_R1.fq.gz,forward
R20212,/mnt/c/Users/gengd/Desktop/20240520RawData/R20212_R2.fq.gz,reverse
R20213,/mnt/c/Users/gengd/Desktop/20240520RawData/R20213_R1.fq.gz,forward
R20213,/mnt/c/Users/gengd/Desktop/20240520RawData/R20213_R2.fq.gz,reverse
R20214,/mnt/c/Users/gengd/Desktop/20240520RawData/R20214_R1.fq.gz,forward
R20214,/mnt/c/Users/gengd/Desktop/20240520RawData/R20214_R2.fq.gz,reverse
R20215,/mnt/c/Users/gengd/Desktop/20240520RawData/R20215_R1.fq.gz,forward
R20215,/mnt/c/Users/gengd/Desktop/20240520RawData/R20215_R2.fq.gz,reverse
R20216,/mnt/c/Users/gengd/Desktop/20240520RawData/R20216_R1.fq.gz,forward
R20216,/mnt/c/Users/gengd/Desktop/20240520RawData/R20216_R2.fq.gz,reverse
R20217,/mnt/c/Users/gengd/Desktop/20240520RawData/R20217_R1.fq.gz,forward
R20217,/mnt/c/Users/gengd/Desktop/20240520RawData/R20217_R2.fq.gz,reverse
R20218,/mnt/c/Users/gengd/Desktop/20240520RawData/R20218_R1.fq.gz,forward
R20218,/mnt/c/Users/gengd/Desktop/20240520RawData/R20218_R2.fq.gz,reverse
R20219,/mnt/c/Users/gengd/Desktop/20240520RawData/R20219_R1.fq.gz,forward
R20219,/mnt/c/Users/gengd/Desktop/20240520RawData/R20219_R2.fq.gz,reverse
R20220,/mnt/c/Users/gengd/Desktop/20240520RawData/R20220_R1.fq.gz,forward
R20220,/mnt/c/Users/gengd/Desktop/20240520RawData/R20220_R2.fq.gz,reverse
R20221,/mnt/c/Users/gengd/Desktop/20240520RawData/R20221_R1.fq.gz,forward
R20221,/mnt/c/Users/gengd/Desktop/20240520RawData/R20221_R2.fq.gz,reverse
R20222,/mnt/c/Users/gengd/Desktop/20240520RawData/R20222_R1.fq.gz,forward
R20222,/mnt/c/Users/gengd/Desktop/20240520RawData/R20222_R2.fq.gz,reverse
R20223,/mnt/c/Users/gengd/Desktop/20240520RawData/R20223_R1.fq.gz,forward
R20223,/mnt/c/Users/gengd/Desktop/20240520RawData/R20223_R2.fq.gz,reverse
R20224,/mnt/c/Users/gengd/Desktop/20240520RawData/R20224_R1.fq.gz,forward
R20224,/mnt/c/Users/gengd/Desktop/20240520RawData/R20224_R2.fq.gz,reverse
R20225,/mnt/c/Users/gengd/Desktop/20240520RawData/R20225_R1.fq.gz,forward
R20225,/mnt/c/Users/gengd/Desktop/20240520RawData/R20225_R2.fq.gz,reverse
R20226,/mnt/c/Users/gengd/Desktop/20240520RawData/R20226_R1.fq.gz,forward
R20226,/mnt/c/Users/gengd/Desktop/20240520RawData/R20226_R2.fq.gz,reverse
R20227,/mnt/c/Users/gengd/Desktop/20240520RawData/R20227_R1.fq.gz,forward
R20227,/mnt/c/Users/gengd/Desktop/20240520RawData/R20227_R2.fq.gz,reverse
R20301,/mnt/c/Users/gengd/Desktop/20240520RawData/R20301_R1.fq.gz,forward
R20301,/mnt/c/Users/gengd/Desktop/20240520RawData/R20301_R2.fq.gz,reverse
R20302,/mnt/c/Users/gengd/Desktop/20240520RawData/R20302_R1.fq.gz,forward
R20302,/mnt/c/Users/gengd/Desktop/20240520RawData/R20302_R2.fq.gz,reverse
R20303,/mnt/c/Users/gengd/Desktop/20240520RawData/R20303_R1.fq.gz,forward
R20303,/mnt/c/Users/gengd/Desktop/20240520RawData/R20303_R2.fq.gz,reverse
R20304,/mnt/c/Users/gengd/Desktop/20240520RawData/R20304_R1.fq.gz,forward
R20304,/mnt/c/Users/gengd/Desktop/20240520RawData/R20304_R2.fq.gz,reverse
R20305,/mnt/c/Users/gengd/Desktop/20240520RawData/R20305_R1.fq.gz,forward
R20305,/mnt/c/Users/gengd/Desktop/20240520RawData/R20305_R2.fq.gz,reverse
R20306,/mnt/c/Users/gengd/Desktop/20240520RawData/R20306_R1.fq.gz,forward
R20306,/mnt/c/Users/gengd/Desktop/20240520RawData/R20306_R2.fq.gz,reverse
R20307,/mnt/c/Users/gengd/Desktop/20240520RawData/R20307_R1.fq.gz,forward
R20307,/mnt/c/Users/gengd/Desktop/20240520RawData/R20307_R2.fq.gz,reverse
R20308,/mnt/c/Users/gengd/Desktop/20240520RawData/R20308_R1.fq.gz,forward
R20308,/mnt/c/Users/gengd/Desktop/20240520RawData/R20308_R2.fq.gz,reverse
R20309,/mnt/c/Users/gengd/Desktop/20240520RawData/R20309_R1.fq.gz,forward
R20309,/mnt/c/Users/gengd/Desktop/20240520RawData/R20309_R2.fq.gz,reverse
R20310,/mnt/c/Users/gengd/Desktop/20240520RawData/R20310_R1.fq.gz,forward
R20310,/mnt/c/Users/gengd/Desktop/20240520RawData/R20310_R2.fq.gz,reverse
R20311,/mnt/c/Users/gengd/Desktop/20240520RawData/R20311_R1.fq.gz,forward
R20311,/mnt/c/Users/gengd/Desktop/20240520RawData/R20311_R2.fq.gz,reverse
R20312,/mnt/c/Users/gengd/Desktop/20240520RawData/R20312_R1.fq.gz,forward
R20312,/mnt/c/Users/gengd/Desktop/20240520RawData/R20312_R2.fq.gz,reverse
R20313,/mnt/c/Users/gengd/Desktop/20240520RawData/R20313_R1.fq.gz,forward
R20313,/mnt/c/Users/gengd/Desktop/20240520RawData/R20313_R2.fq.gz,reverse
R20314,/mnt/c/Users/gengd/Desktop/20240520RawData/R20314_R1.fq.gz,forward
R20314,/mnt/c/Users/gengd/Desktop/20240520RawData/R20314_R2.fq.gz,reverse
R20315,/mnt/c/Users/gengd/Desktop/20240520RawData/R20315_R1.fq.gz,forward
R20315,/mnt/c/Users/gengd/Desktop/20240520RawData/R20315_R2.fq.gz,reverse
R20316,/mnt/c/Users/gengd/Desktop/20240520RawData/R20316_R1.fq.gz,forward
R20316,/mnt/c/Users/gengd/Desktop/20240520RawData/R20316_R2.fq.gz,reverse
R20317,/mnt/c/Users/gengd/Desktop/20240520RawData/R20317_R1.fq.gz,forward
R20317,/mnt/c/Users/gengd/Desktop/20240520RawData/R20317_R2.fq.gz,reverse
R20318,/mnt/c/Users/gengd/Desktop/20240520RawData/R20318_R1.fq.gz,forward
R20318,/mnt/c/Users/gengd/Desktop/20240520RawData/R20318_R2.fq.gz,reverse
R20319,/mnt/c/Users/gengd/Desktop/20240520RawData/R20319_R1.fq.gz,forward
R20319,/mnt/c/Users/gengd/Desktop/20240520RawData/R20319_R2.fq.gz,reverse
R20320,/mnt/c/Users/gengd/Desktop/20240520RawData/R20320_R1.fq.gz,forward
R20320,/mnt/c/Users/gengd/Desktop/20240520RawData/R20320_R2.fq.gz,reverse
R20321,/mnt/c/Users/gengd/Desktop/20240520RawData/R20321_R1.fq.gz,forward
R20321,/mnt/c/Users/gengd/Desktop/20240520RawData/R20321_R2.fq.gz,reverse
R20322,/mnt/c/Users/gengd/Desktop/20240520RawData/R20322_R1.fq.gz,forward
R20322,/mnt/c/Users/gengd/Desktop/20240520RawData/R20322_R2.fq.gz,reverse
R20323,/mnt/c/Users/gengd/Desktop/20240520RawData/R20323_R1.fq.gz,forward
R20323,/mnt/c/Users/gengd/Desktop/20240520RawData/R20323_R2.fq.gz,reverse
R20401,/mnt/c/Users/gengd/Desktop/20240520RawData/R20401_R1.fq.gz,forward
R20401,/mnt/c/Users/gengd/Desktop/20240520RawData/R20401_R2.fq.gz,reverse
R20402,/mnt/c/Users/gengd/Desktop/20240520RawData/R20402_R1.fq.gz,forward
R20402,/mnt/c/Users/gengd/Desktop/20240520RawData/R20402_R2.fq.gz,reverse
R20403,/mnt/c/Users/gengd/Desktop/20240520RawData/R20403_R1.fq.gz,forward
R20403,/mnt/c/Users/gengd/Desktop/20240520RawData/R20403_R2.fq.gz,reverse
R20404,/mnt/c/Users/gengd/Desktop/20240520RawData/R20404_R1.fq.gz,forward
R20404,/mnt/c/Users/gengd/Desktop/20240520RawData/R20404_R2.fq.gz,reverse
R20405,/mnt/c/Users/gengd/Desktop/20240520RawData/R20405_R1.fq.gz,forward
R20405,/mnt/c/Users/gengd/Desktop/20240520RawData/R20405_R2.fq.gz,reverse
R20406,/mnt/c/Users/gengd/Desktop/20240520RawData/R20406_R1.fq.gz,forward
R20406,/mnt/c/Users/gengd/Desktop/20240520RawData/R20406_R2.fq.gz,reverse
R20407,/mnt/c/Users/gengd/Desktop/20240520RawData/R20407_R1.fq.gz,forward
R20407,/mnt/c/Users/gengd/Desktop/20240520RawData/R20407_R2.fq.gz,reverse
R20408,/mnt/c/Users/gengd/Desktop/20240520RawData/R20408_R1.fq.gz,forward
R20408,/mnt/c/Users/gengd/Desktop/20240520RawData/R20408_R2.fq.gz,reverse
R20409,/mnt/c/Users/gengd/Desktop/20240520RawData/R20409_R1.fq.gz,forward
R20409,/mnt/c/Users/gengd/Desktop/20240520RawData/R20409_R2.fq.gz,reverse
R20410,/mnt/c/Users/gengd/Desktop/20240520RawData/R20410_R1.fq.gz,forward
R20410,/mnt/c/Users/gengd/Desktop/20240520RawData/R20410_R2.fq.gz,reverse
R20411,/mnt/c/Users/gengd/Desktop/20240520RawData/R20411_R1.fq.gz,forward
R20411,/mnt/c/Users/gengd/Desktop/20240520RawData/R20411_R2.fq.gz,reverse
R20412,/mnt/c/Users/gengd/Desktop/20240520RawData/R20412_R1.fq.gz,forward
R20412,/mnt/c/Users/gengd/Desktop/20240520RawData/R20412_R2.fq.gz,reverse
R20413,/mnt/c/Users/gengd/Desktop/20240520RawData/R20413_R1.fq.gz,forward
R20413,/mnt/c/Users/gengd/Desktop/20240520RawData/R20413_R2.fq.gz,reverse
R20414,/mnt/c/Users/gengd/Desktop/20240520RawData/R20414_R1.fq.gz,forward
R20414,/mnt/c/Users/gengd/Desktop/20240520RawData/R20414_R2.fq.gz,reverse
R20415,/mnt/c/Users/gengd/Desktop/20240520RawData/R20415_R1.fq.gz,forward
R20415,/mnt/c/Users/gengd/Desktop/20240520RawData/R20415_R2.fq.gz,reverse
R20416,/mnt/c/Users/gengd/Desktop/20240520RawData/R20416_R1.fq.gz,forward
R20416,/mnt/c/Users/gengd/Desktop/20240520RawData/R20416_R2.fq.gz,reverse
R20417,/mnt/c/Users/gengd/Desktop/20240520RawData/R20417_R1.fq.gz,forward
R20417,/mnt/c/Users/gengd/Desktop/20240520RawData/R20417_R2.fq.gz,reverse
R20418,/mnt/c/Users/gengd/Desktop/20240520RawData/R20418_R1.fq.gz,forward
R20418,/mnt/c/Users/gengd/Desktop/20240520RawData/R20418_R2.fq.gz,reverse
R20419,/mnt/c/Users/gengd/Desktop/20240520RawData/R20419_R1.fq.gz,forward
R20419,/mnt/c/Users/gengd/Desktop/20240520RawData/R20419_R2.fq.gz,reverse
R20420,/mnt/c/Users/gengd/Desktop/20240520RawData/R20420_R1.fq.gz,forward
R20420,/mnt/c/Users/gengd/Desktop/20240520RawData/R20420_R2.fq.gz,reverse
R20421,/mnt/c/Users/gengd/Desktop/20240520RawData/R20421_R1.fq.gz,forward
R20421,/mnt/c/Users/gengd/Desktop/20240520RawData/R20421_R2.fq.gz,reverse
R20422,/mnt/c/Users/gengd/Desktop/20240520RawData/R20422_R1.fq.gz,forward
R20422,/mnt/c/Users/gengd/Desktop/20240520RawData/R20422_R2.fq.gz,reverse
R20423,/mnt/c/Users/gengd/Desktop/20240520RawData/R20423_R1.fq.gz,forward
R20423,/mnt/c/Users/gengd/Desktop/20240520RawData/R20423_R2.fq.gz,reverse
R20424,/mnt/c/Users/gengd/Desktop/20240520RawData/R20424_R1.fq.gz,forward
R20424,/mnt/c/Users/gengd/Desktop/20240520RawData/R20424_R2.fq.gz,reverse
R20425,/mnt/c/Users/gengd/Desktop/20240520RawData/R20425_R1.fq.gz,forward
R20425,/mnt/c/Users/gengd/Desktop/20240520RawData/R20425_R2.fq.gz,reverse
R20426,/mnt/c/Users/gengd/Desktop/20240520RawData/R20426_R1.fq.gz,forward
R20426,/mnt/c/Users/gengd/Desktop/20240520RawData/R20426_R2.fq.gz,reverse
R20501,/mnt/c/Users/gengd/Desktop/20240520RawData/R20501_R1.fq.gz,forward
R20501,/mnt/c/Users/gengd/Desktop/20240520RawData/R20501_R2.fq.gz,reverse
R20502,/mnt/c/Users/gengd/Desktop/20240520RawData/R20502_R1.fq.gz,forward
R20502,/mnt/c/Users/gengd/Desktop/20240520RawData/R20502_R2.fq.gz,reverse
R20503,/mnt/c/Users/gengd/Desktop/20240520RawData/R20503_R1.fq.gz,forward
R20503,/mnt/c/Users/gengd/Desktop/20240520RawData/R20503_R2.fq.gz,reverse
R20504,/mnt/c/Users/gengd/Desktop/20240520RawData/R20504_R1.fq.gz,forward
R20504,/mnt/c/Users/gengd/Desktop/20240520RawData/R20504_R2.fq.gz,reverse
R20505,/mnt/c/Users/gengd/Desktop/20240520RawData/R20505_R1.fq.gz,forward
R20505,/mnt/c/Users/gengd/Desktop/20240520RawData/R20505_R2.fq.gz,reverse
R20506,/mnt/c/Users/gengd/Desktop/20240520RawData/R20506_R1.fq.gz,forward
R20506,/mnt/c/Users/gengd/Desktop/20240520RawData/R20506_R2.fq.gz,reverse
R20507,/mnt/c/Users/gengd/Desktop/20240520RawData/R20507_R1.fq.gz,forward
R20507,/mnt/c/Users/gengd/Desktop/20240520RawData/R20507_R2.fq.gz,reverse
R20508,/mnt/c/Users/gengd/Desktop/20240520RawData/R20508_R1.fq.gz,forward
R20508,/mnt/c/Users/gengd/Desktop/20240520RawData/R20508_R2.fq.gz,reverse
R20509,/mnt/c/Users/gengd/Desktop/20240520RawData/R20509_R1.fq.gz,forward
R20509,/mnt/c/Users/gengd/Desktop/20240520RawData/R20509_R2.fq.gz,reverse
R20510,/mnt/c/Users/gengd/Desktop/20240520RawData/R20510_R1.fq.gz,forward
R20510,/mnt/c/Users/gengd/Desktop/20240520RawData/R20510_R2.fq.gz,reverse
R20511,/mnt/c/Users/gengd/Desktop/20240520RawData/R20511_R1.fq.gz,forward
R20511,/mnt/c/Users/gengd/Desktop/20240520RawData/R20511_R2.fq.gz,reverse
R20512,/mnt/c/Users/gengd/Desktop/20240520RawData/R20512_R1.fq.gz,forward
R20512,/mnt/c/Users/gengd/Desktop/20240520RawData/R20512_R2.fq.gz,reverse
R20513,/mnt/c/Users/gengd/Desktop/20240520RawData/R20513_R1.fq.gz,forward
R20513,/mnt/c/Users/gengd/Desktop/20240520RawData/R20513_R2.fq.gz,reverse
R20514,/mnt/c/Users/gengd/Desktop/20240520RawData/R20514_R1.fq.gz,forward
R20514,/mnt/c/Users/gengd/Desktop/20240520RawData/R20514_R2.fq.gz,reverse
R20515,/mnt/c/Users/gengd/Desktop/20240520RawData/R20515_R1.fq.gz,forward
R20515,/mnt/c/Users/gengd/Desktop/20240520RawData/R20515_R2.fq.gz,reverse
R20516,/mnt/c/Users/gengd/Desktop/20240520RawData/R20516_R1.fq.gz,forward
R20516,/mnt/c/Users/gengd/Desktop/20240520RawData/R20516_R2.fq.gz,reverse
R20517,/mnt/c/Users/gengd/Desktop/20240520RawData/R20517_R1.fq.gz,forward
R20517,/mnt/c/Users/gengd/Desktop/20240520RawData/R20517_R2.fq.gz,reverse
R20518,/mnt/c/Users/gengd/Desktop/20240520RawData/R20518_R1.fq.gz,forward
R20518,/mnt/c/Users/gengd/Desktop/20240520RawData/R20518_R2.fq.gz,reverse
R20519,/mnt/c/Users/gengd/Desktop/20240520RawData/R20519_R1.fq.gz,forward
R20519,/mnt/c/Users/gengd/Desktop/20240520RawData/R20519_R2.fq.gz,reverse
R20520,/mnt/c/Users/gengd/Desktop/20240520RawData/R20520_R1.fq.gz,forward
R20520,/mnt/c/Users/gengd/Desktop/20240520RawData/R20520_R2.fq.gz,reverse
R20521,/mnt/c/Users/gengd/Desktop/20240520RawData/R20521_R1.fq.gz,forward
R20521,/mnt/c/Users/gengd/Desktop/20240520RawData/R20521_R2.fq.gz,reverse
R20522,/mnt/c/Users/gengd/Desktop/20240520RawData/R20522_R1.fq.gz,forward
R20522,/mnt/c/Users/gengd/Desktop/20240520RawData/R20522_R2.fq.gz,reverse
R20523,/mnt/c/Users/gengd/Desktop/20240520RawData/R20523_R1.fq.gz,forward
R20523,/mnt/c/Users/gengd/Desktop/20240520RawData/R20523_R2.fq.gz,reverse
R20524,/mnt/c/Users/gengd/Desktop/20240520RawData/R20524_R1.fq.gz,forward
R20524,/mnt/c/Users/gengd/Desktop/20240520RawData/R20524_R2.fq.gz,reverse
R20525,/mnt/c/Users/gengd/Desktop/20240520RawData/R20525_R1.fq.gz,forward
R20525,/mnt/c/Users/gengd/Desktop/20240520RawData/R20525_R2.fq.gz,reverse
R20526,/mnt/c/Users/gengd/Desktop/20240520RawData/R20526_R1.fq.gz,forward
R20526,/mnt/c/Users/gengd/Desktop/20240520RawData/R20526_R2.fq.gz,reverse
R20527,/mnt/c/Users/gengd/Desktop/20240520RawData/R20527_R1.fq.gz,forward
R20527,/mnt/c/Users/gengd/Desktop/20240520RawData/R20527_R2.fq.gz,reverse
R20601,/mnt/c/Users/gengd/Desktop/20240520RawData/R20601_R1.fq.gz,forward
R20601,/mnt/c/Users/gengd/Desktop/20240520RawData/R20601_R2.fq.gz,reverse
R20602,/mnt/c/Users/gengd/Desktop/20240520RawData/R20602_R1.fq.gz,forward
R20602,/mnt/c/Users/gengd/Desktop/20240520RawData/R20602_R2.fq.gz,reverse
R20603,/mnt/c/Users/gengd/Desktop/20240520RawData/R20603_R1.fq.gz,forward
R20603,/mnt/c/Users/gengd/Desktop/20240520RawData/R20603_R2.fq.gz,reverse
R20604,/mnt/c/Users/gengd/Desktop/20240520RawData/R20604_R1.fq.gz,forward
R20604,/mnt/c/Users/gengd/Desktop/20240520RawData/R20604_R2.fq.gz,reverse
R20605,/mnt/c/Users/gengd/Desktop/20240520RawData/R20605_R1.fq.gz,forward
R20605,/mnt/c/Users/gengd/Desktop/20240520RawData/R20605_R2.fq.gz,reverse
R20606,/mnt/c/Users/gengd/Desktop/20240520RawData/R20606_R1.fq.gz,forward
R20606,/mnt/c/Users/gengd/Desktop/20240520RawData/R20606_R2.fq.gz,reverse
R20607,/mnt/c/Users/gengd/Desktop/20240520RawData/R20607_R1.fq.gz,forward
R20607,/mnt/c/Users/gengd/Desktop/20240520RawData/R20607_R2.fq.gz,reverse
R20608,/mnt/c/Users/gengd/Desktop/20240520RawData/R20608_R1.fq.gz,forward
R20608,/mnt/c/Users/gengd/Desktop/20240520RawData/R20608_R2.fq.gz,reverse
R20609,/mnt/c/Users/gengd/Desktop/20240520RawData/R20609_R1.fq.gz,forward
R20609,/mnt/c/Users/gengd/Desktop/20240520RawData/R20609_R2.fq.gz,reverse
R20610,/mnt/c/Users/gengd/Desktop/20240520RawData/R20610_R1.fq.gz,forward
R20610,/mnt/c/Users/gengd/Desktop/20240520RawData/R20610_R2.fq.gz,reverse
R20611,/mnt/c/Users/gengd/Desktop/20240520RawData/R20611_R1.fq.gz,forward
R20611,/mnt/c/Users/gengd/Desktop/20240520RawData/R20611_R2.fq.gz,reverse
R20612,/mnt/c/Users/gengd/Desktop/20240520RawData/R20612_R1.fq.gz,forward
R20612,/mnt/c/Users/gengd/Desktop/20240520RawData/R20612_R2.fq.gz,reverse
R20613,/mnt/c/Users/gengd/Desktop/20240520RawData/R20613_R1.fq.gz,forward
R20613,/mnt/c/Users/gengd/Desktop/20240520RawData/R20613_R2.fq.gz,reverse
R20614,/mnt/c/Users/gengd/Desktop/20240520RawData/R20614_R1.fq.gz,forward
R20614,/mnt/c/Users/gengd/Desktop/20240520RawData/R20614_R2.fq.gz,reverse
R20615,/mnt/c/Users/gengd/Desktop/20240520RawData/R20615_R1.fq.gz,forward
R20615,/mnt/c/Users/gengd/Desktop/20240520RawData/R20615_R2.fq.gz,reverse
R20616,/mnt/c/Users/gengd/Desktop/20240520RawData/R20616_R1.fq.gz,forward
R20616,/mnt/c/Users/gengd/Desktop/20240520RawData/R20616_R2.fq.gz,reverse
R20617,/mnt/c/Users/gengd/Desktop/20240520RawData/R20617_R1.fq.gz,forward
R20617,/mnt/c/Users/gengd/Desktop/20240520RawData/R20617_R2.fq.gz,reverse
R20618,/mnt/c/Users/gengd/Desktop/20240520RawData/R20618_R1.fq.gz,forward
R20618,/mnt/c/Users/gengd/Desktop/20240520RawData/R20618_R2.fq.gz,reverse
R20619,/mnt/c/Users/gengd/Desktop/20240520RawData/R20619_R1.fq.gz,forward
R20619,/mnt/c/Users/gengd/Desktop/20240520RawData/R20619_R2.fq.gz,reverse
R20620,/mnt/c/Users/gengd/Desktop/20240520RawData/R20620_R1.fq.gz,forward
R20620,/mnt/c/Users/gengd/Desktop/20240520RawData/R20620_R2.fq.gz,reverse
R20621,/mnt/c/Users/gengd/Desktop/20240520RawData/R20621_R1.fq.gz,forward
R20621,/mnt/c/Users/gengd/Desktop/20240520RawData/R20621_R2.fq.gz,reverse
R20622,/mnt/c/Users/gengd/Desktop/20240520RawData/R20622_R1.fq.gz,forward
R20622,/mnt/c/Users/gengd/Desktop/20240520RawData/R20622_R2.fq.gz,reverse
R20623,/mnt/c/Users/gengd/Desktop/20240520RawData/R20623_R1.fq.gz,forward
R20623,/mnt/c/Users/gengd/Desktop/20240520RawData/R20623_R2.fq.gz,reverse
R20701,/mnt/c/Users/gengd/Desktop/20240520RawData/R20701_R1.fq.gz,forward
R20701,/mnt/c/Users/gengd/Desktop/20240520RawData/R20701_R2.fq.gz,reverse
R20702,/mnt/c/Users/gengd/Desktop/20240520RawData/R20702_R1.fq.gz,forward
R20702,/mnt/c/Users/gengd/Desktop/20240520RawData/R20702_R2.fq.gz,reverse
R20703,/mnt/c/Users/gengd/Desktop/20240520RawData/R20703_R1.fq.gz,forward
R20703,/mnt/c/Users/gengd/Desktop/20240520RawData/R20703_R2.fq.gz,reverse
R20704,/mnt/c/Users/gengd/Desktop/20240520RawData/R20704_R1.fq.gz,forward
R20704,/mnt/c/Users/gengd/Desktop/20240520RawData/R20704_R2.fq.gz,reverse
R20705,/mnt/c/Users/gengd/Desktop/20240520RawData/R20705_R1.fq.gz,forward
R20705,/mnt/c/Users/gengd/Desktop/20240520RawData/R20705_R2.fq.gz,reverse
R20706,/mnt/c/Users/gengd/Desktop/20240520RawData/R20706_R1.fq.gz,forward
R20706,/mnt/c/Users/gengd/Desktop/20240520RawData/R20706_R2.fq.gz,reverse
R20707,/mnt/c/Users/gengd/Desktop/20240520RawData/R20707_R1.fq.gz,forward
R20707,/mnt/c/Users/gengd/Desktop/20240520RawData/R20707_R2.fq.gz,reverse
R20708,/mnt/c/Users/gengd/Desktop/20240520RawData/R20708_R1.fq.gz,forward
R20708,/mnt/c/Users/gengd/Desktop/20240520RawData/R20708_R2.fq.gz,reverse
R20709,/mnt/c/Users/gengd/Desktop/20240520RawData/R20709_R1.fq.gz,forward
R20709,/mnt/c/Users/gengd/Desktop/20240520RawData/R20709_R2.fq.gz,reverse
R20710,/mnt/c/Users/gengd/Desktop/20240520RawData/R20710_R1.fq.gz,forward
R20710,/mnt/c/Users/gengd/Desktop/20240520RawData/R20710_R2.fq.gz,reverse
R20711,/mnt/c/Users/gengd/Desktop/20240520RawData/R20711_R1.fq.gz,forward
R20711,/mnt/c/Users/gengd/Desktop/20240520RawData/R20711_R2.fq.gz,reverse
R20712,/mnt/c/Users/gengd/Desktop/20240520RawData/R20712_R1.fq.gz,forward
R20712,/mnt/c/Users/gengd/Desktop/20240520RawData/R20712_R2.fq.gz,reverse
R20713,/mnt/c/Users/gengd/Desktop/20240520RawData/R20713_R1.fq.gz,forward
R20713,/mnt/c/Users/gengd/Desktop/20240520RawData/R20713_R2.fq.gz,reverse
R20714,/mnt/c/Users/gengd/Desktop/20240520RawData/R20714_R1.fq.gz,forward
R20714,/mnt/c/Users/gengd/Desktop/20240520RawData/R20714_R2.fq.gz,reverse
R20715,/mnt/c/Users/gengd/Desktop/20240520RawData/R20715_R1.fq.gz,forward
R20715,/mnt/c/Users/gengd/Desktop/20240520RawData/R20715_R2.fq.gz,reverse
R20716,/mnt/c/Users/gengd/Desktop/20240520RawData/R20716_R1.fq.gz,forward
R20716,/mnt/c/Users/gengd/Desktop/20240520RawData/R20716_R2.fq.gz,reverse
R20717,/mnt/c/Users/gengd/Desktop/20240520RawData/R20717_R1.fq.gz,forward
R20717,/mnt/c/Users/gengd/Desktop/20240520RawData/R20717_R2.fq.gz,reverse
R20718,/mnt/c/Users/gengd/Desktop/20240520RawData/R20718_R1.fq.gz,forward
R20718,/mnt/c/Users/gengd/Desktop/20240520RawData/R20718_R2.fq.gz,reverse
R20719,/mnt/c/Users/gengd/Desktop/20240520RawData/R20719_R1.fq.gz,forward
R20719,/mnt/c/Users/gengd/Desktop/20240520RawData/R20719_R2.fq.gz,reverse
R20720,/mnt/c/Users/gengd/Desktop/20240520RawData/R20720_R1.fq.gz,forward
R20720,/mnt/c/Users/gengd/Desktop/20240520RawData/R20720_R2.fq.gz,reverse
R20721,/mnt/c/Users/gengd/Desktop/20240520RawData/R20721_R1.fq.gz,forward
R20721,/mnt/c/Users/gengd/Desktop/20240520RawData/R20721_R2.fq.gz,reverse
R20722,/mnt/c/Users/gengd/Desktop/20240520RawData/R20722_R1.fq.gz,forward
R20722,/mnt/c/Users/gengd/Desktop/20240520RawData/R20722_R2.fq.gz,reverse
R20801,/mnt/c/Users/gengd/Desktop/20240520RawData/R20801_R1.fq.gz,forward
R20801,/mnt/c/Users/gengd/Desktop/20240520RawData/R20801_R2.fq.gz,reverse
R20802,/mnt/c/Users/gengd/Desktop/20240520RawData/R20802_R1.fq.gz,forward
R20802,/mnt/c/Users/gengd/Desktop/20240520RawData/R20802_R2.fq.gz,reverse
R20803,/mnt/c/Users/gengd/Desktop/20240520RawData/R20803_R1.fq.gz,forward
R20803,/mnt/c/Users/gengd/Desktop/20240520RawData/R20803_R2.fq.gz,reverse
R20804,/mnt/c/Users/gengd/Desktop/20240520RawData/R20804_R1.fq.gz,forward
R20804,/mnt/c/Users/gengd/Desktop/20240520RawData/R20804_R2.fq.gz,reverse
R20805,/mnt/c/Users/gengd/Desktop/20240520RawData/R20805_R1.fq.gz,forward
R20805,/mnt/c/Users/gengd/Desktop/20240520RawData/R20805_R2.fq.gz,reverse
R20806,/mnt/c/Users/gengd/Desktop/20240520RawData/R20806_R1.fq.gz,forward
R20806,/mnt/c/Users/gengd/Desktop/20240520RawData/R20806_R2.fq.gz,reverse
R20807,/mnt/c/Users/gengd/Desktop/20240520RawData/R20807_R1.fq.gz,forward
R20807,/mnt/c/Users/gengd/Desktop/20240520RawData/R20807_R2.fq.gz,reverse
R20808,/mnt/c/Users/gengd/Desktop/20240520RawData/R20808_R1.fq.gz,forward
R20808,/mnt/c/Users/gengd/Desktop/20240520RawData/R20808_R2.fq.gz,reverse
R20809,/mnt/c/Users/gengd/Desktop/20240520RawData/R20809_R1.fq.gz,forward
R20809,/mnt/c/Users/gengd/Desktop/20240520RawData/R20809_R2.fq.gz,reverse
R20810,/mnt/c/Users/gengd/Desktop/20240520RawData/R20810_R1.fq.gz,forward
R20810,/mnt/c/Users/gengd/Desktop/20240520RawData/R20810_R2.fq.gz,reverse
R20811,/mnt/c/Users/gengd/Desktop/20240520RawData/R20811_R1.fq.gz,forward
R20811,/mnt/c/Users/gengd/Desktop/20240520RawData/R20811_R2.fq.gz,reverse
R20812,/mnt/c/Users/gengd/Desktop/20240520RawData/R20812_R1.fq.gz,forward
R20812,/mnt/c/Users/gengd/Desktop/20240520RawData/R20812_R2.fq.gz,reverse
R20813,/mnt/c/Users/gengd/Desktop/20240520RawData/R20813_R1.fq.gz,forward
R20813,/mnt/c/Users/gengd/Desktop/20240520RawData/R20813_R2.fq.gz,reverse
R20814,/mnt/c/Users/gengd/Desktop/20240520RawData/R20814_R1.fq.gz,forward
R20814,/mnt/c/Users/gengd/Desktop/20240520RawData/R20814_R2.fq.gz,reverse
R20815,/mnt/c/Users/gengd/Desktop/20240520RawData/R20815_R1.fq.gz,forward
R20815,/mnt/c/Users/gengd/Desktop/20240520RawData/R20815_R2.fq.gz,reverse
R20816,/mnt/c/Users/gengd/Desktop/20240520RawData/R20816_R1.fq.gz,forward
R20816,/mnt/c/Users/gengd/Desktop/20240520RawData/R20816_R2.fq.gz,reverse
R20817,/mnt/c/Users/gengd/Desktop/20240520RawData/R20817_R1.fq.gz,forward
R20817,/mnt/c/Users/gengd/Desktop/20240520RawData/R20817_R2.fq.gz,reverse
R20818,/mnt/c/Users/gengd/Desktop/20240520RawData/R20818_R1.fq.gz,forward
R20818,/mnt/c/Users/gengd/Desktop/20240520RawData/R20818_R2.fq.gz,reverse
R20819,/mnt/c/Users/gengd/Desktop/20240520RawData/R20819_R1.fq.gz,forward
R20819,/mnt/c/Users/gengd/Desktop/20240520RawData/R20819_R2.fq.gz,reverse
R20820,/mnt/c/Users/gengd/Desktop/20240520RawData/R20820_R1.fq.gz,forward
R20820,/mnt/c/Users/gengd/Desktop/20240520RawData/R20820_R2.fq.gz,reverse
R20821,/mnt/c/Users/gengd/Desktop/20240520RawData/R20821_R1.fq.gz,forward
R20821,/mnt/c/Users/gengd/Desktop/20240520RawData/R20821_R2.fq.gz,reverse
R20822,/mnt/c/Users/gengd/Desktop/20240520RawData/R20822_R1.fq.gz,forward
R20822,/mnt/c/Users/gengd/Desktop/20240520RawData/R20822_R2.fq.gz,reverse
R20901,/mnt/c/Users/gengd/Desktop/20240520RawData/R20901_R1.fq.gz,forward
R20901,/mnt/c/Users/gengd/Desktop/20240520RawData/R20901_R2.fq.gz,reverse
R20902,/mnt/c/Users/gengd/Desktop/20240520RawData/R20902_R1.fq.gz,forward
R20902,/mnt/c/Users/gengd/Desktop/20240520RawData/R20902_R2.fq.gz,reverse
R20903,/mnt/c/Users/gengd/Desktop/20240520RawData/R20903_R1.fq.gz,forward
R20903,/mnt/c/Users/gengd/Desktop/20240520RawData/R20903_R2.fq.gz,reverse
R20904,/mnt/c/Users/gengd/Desktop/20240520RawData/R20904_R1.fq.gz,forward
R20904,/mnt/c/Users/gengd/Desktop/20240520RawData/R20904_R2.fq.gz,reverse
R20905,/mnt/c/Users/gengd/Desktop/20240520RawData/R20905_R1.fq.gz,forward
R20905,/mnt/c/Users/gengd/Desktop/20240520RawData/R20905_R2.fq.gz,reverse
R20906,/mnt/c/Users/gengd/Desktop/20240520RawData/R20906_R1.fq.gz,forward
R20906,/mnt/c/Users/gengd/Desktop/20240520RawData/R20906_R2.fq.gz,reverse
R20907,/mnt/c/Users/gengd/Desktop/20240520RawData/R20907_R1.fq.gz,forward
R20907,/mnt/c/Users/gengd/Desktop/20240520RawData/R20907_R2.fq.gz,reverse
R20908,/mnt/c/Users/gengd/Desktop/20240520RawData/R20908_R1.fq.gz,forward
R20908,/mnt/c/Users/gengd/Desktop/20240520RawData/R20908_R2.fq.gz,reverse
R20909,/mnt/c/Users/gengd/Desktop/20240520RawData/R20909_R1.fq.gz,forward
R20909,/mnt/c/Users/gengd/Desktop/20240520RawData/R20909_R2.fq.gz,reverse
R20910,/mnt/c/Users/gengd/Desktop/20240520RawData/R20910_R1.fq.gz,forward
R20910,/mnt/c/Users/gengd/Desktop/20240520RawData/R20910_R2.fq.gz,reverse
R20911,/mnt/c/Users/gengd/Desktop/20240520RawData/R20911_R1.fq.gz,forward
R20911,/mnt/c/Users/gengd/Desktop/20240520RawData/R20911_R2.fq.gz,reverse
R20912,/mnt/c/Users/gengd/Desktop/20240520RawData/R20912_R1.fq.gz,forward
R20912,/mnt/c/Users/gengd/Desktop/20240520RawData/R20912_R2.fq.gz,reverse
R20913,/mnt/c/Users/gengd/Desktop/20240520RawData/R20913_R1.fq.gz,forward
R20913,/mnt/c/Users/gengd/Desktop/20240520RawData/R20913_R2.fq.gz,reverse
R20914,/mnt/c/Users/gengd/Desktop/20240520RawData/R20914_R1.fq.gz,forward
R20914,/mnt/c/Users/gengd/Desktop/20240520RawData/R20914_R2.fq.gz,reverse
R20915,/mnt/c/Users/gengd/Desktop/20240520RawData/R20915_R1.fq.gz,forward
R20915,/mnt/c/Users/gengd/Desktop/20240520RawData/R20915_R2.fq.gz,reverse
R20916,/mnt/c/Users/gengd/Desktop/20240520RawData/R20916_R1.fq.gz,forward
R20916,/mnt/c/Users/gengd/Desktop/20240520RawData/R20916_R2.fq.gz,reverse
R20917,/mnt/c/Users/gengd/Desktop/20240520RawData/R20917_R1.fq.gz,forward
R20917,/mnt/c/Users/gengd/Desktop/20240520RawData/R20917_R2.fq.gz,reverse
R20918,/mnt/c/Users/gengd/Desktop/20240520RawData/R20918_R1.fq.gz,forward
R20918,/mnt/c/Users/gengd/Desktop/20240520RawData/R20918_R2.fq.gz,reverse
R20919,/mnt/c/Users/gengd/Desktop/20240520RawData/R20919_R1.fq.gz,forward
R20919,/mnt/c/Users/gengd/Desktop/20240520RawData/R20919_R2.fq.gz,reverse
R20920,/mnt/c/Users/gengd/Desktop/20240520RawData/R20920_R1.fq.gz,forward
R20920,/mnt/c/Users/gengd/Desktop/20240520RawData/R20920_R2.fq.gz,reverse
R20921,/mnt/c/Users/gengd/Desktop/20240520RawData/R20921_R1.fq.gz,forward
R20921,/mnt/c/Users/gengd/Desktop/20240520RawData/R20921_R2.fq.gz,reverse
R20922,/mnt/c/Users/gengd/Desktop/20240520RawData/R20922_R1.fq.gz,forward
R20922,/mnt/c/Users/gengd/Desktop/20240520RawData/R20922_R2.fq.gz,reverse
R20923,/mnt/c/Users/gengd/Desktop/20240520RawData/R20923_R1.fq.gz,forward
R20923,/mnt/c/Users/gengd/Desktop/20240520RawData/R20923_R2.fq.gz,reverse
CK2,/mnt/c/Users/gengd/Desktop/20240520RawData/CK2_R1.fq.gz,forward
CK2,/mnt/c/Users/gengd/Desktop/20240520RawData/CK2_R2.fq.gz,reverse
CK-3,/mnt/c/Users/gengd/Desktop/20240520RawData/CK-3_R1.fq.gz,forward
CK-3,/mnt/c/Users/gengd/Desktop/20240520RawData/CK-3_R2.fq.gz,reverse
CKH1,/mnt/c/Users/gengd/Desktop/20240520RawData/CKH1_R1.fq.gz,forward
CKH1,/mnt/c/Users/gengd/Desktop/20240520RawData/CKH1_R2.fq.gz,reverse
CKH2,/mnt/c/Users/gengd/Desktop/20240520RawData/CKH2_R1.fq.gz,forward
CKH2,/mnt/c/Users/gengd/Desktop/20240520RawData/CKH2_R2.fq.gz,reverse
CKH3,/mnt/c/Users/gengd/Desktop/20240520RawData/CKH3_R1.fq.gz,forward
CKH3,/mnt/c/Users/gengd/Desktop/20240520RawData/CKH3_R2.fq.gz,reverse
